# Protein abundances computed from file 'C:\Users\timot\AppData\Local\Temp\knime_KNIME_project41745\fs-IDMer_0-71-41769\000\000\IDMerger_0\20170419_GM_Cyano_1000_R1_BC1_01_2485.idXML';;;;;;;;;;;;;
# Parameters (relevant only): top=3, average=median;;;;;;;;;;;;;
# Files/samples associated with abundance values below: 1: '_2019-01-05T14:45:00', 2: '_2019-01-05T14:47:15', 3: '_2019-01-05T14:49:08', 4: '_2019-01-05T14:51:33', 5: '_2019-01-05T14:53:38', 6: '_2019-01-05T14:56:44', 7: '_2019-01-05T15:00:09', 8: '_2019-01-05T15:03:26', 9: '_2019-01-05T15:06:26', 10: '_2019-01-05T15:09:48';;;;;;;;;;;;;
protein;n_proteins;protein_score;n_peptides;abundance_1;abundance_2;abundance_3;abundance_4;abundance_5;abundance_6;abundance_7;abundance_8;abundance_9;abundance_10
sll0002;1;0;15;1;0;0;0;0;1;2;2;2;2
sll0005;1;0;15;1;0;0;0;0;1;1;2;1;1
sll0006;1;0;12;0;0;1;1;0;1;1;1;1;1
sll0007;1;0;4;0;0;0;0;0;2;0;1;1;1
sll0008;1;0;5;0;0;0;0;0;0;0;0;1;1
sll0016;1;0;19;2;1;0;1;1;1;1;2;2;2
sll0017;1;0;9;2;2;2;4;0;1;2;0;0;2
sll0018;1;0;9;2;2;0;0;1;3;1;2;1;0
sll0019;1;0;12;2;0;1;0;0;1;1;2;2;0
sll0020;1;0;25;2;3;2;2;1;3;2;3;3;2
sll0021;1;0;9;0;2;1;0;0;0;0;0;0;0
sll0023;1;0;8;0;0;0;0;0;2;1;1;1;1
sll0024;1;0;9;0;0;0;1;0;1;1;0;0;1
sll0026;1;0;5;0;0;0;0;0;1;0;0;0;0
sll0030;1;0;8;0;0;0;0;0;1;0;0;0;0
sll0031;1;0;6;0;0;0;0;0;0;0;0;1;0
sll0033;1;0;12;1;1;0;1;0;2;2;1;1;2
sll0034;1;0;7;0;0;1;0;0;1;0;0;1;0
sll0036;1;0;6;0;0;0;0;0;0;1;0;0;0
sll0037;1;0;7;0;0;0;0;0;1;0;1;0;1
sll0038;1;0;16;0;0;1;1;0;1;2;1;2;2
sll0041;1;0;25;0;1;1;1;1;2;2;4;3;3
sll0042;1;0;6;0;0;0;0;0;0;0;0;0;1
sll0043;1;0;24;3;2;1;2;2;2;2;1;1;2
sll0045;1;0;20;1;1;1;1;1;2;1;1;1;1
sll0048;1;0;11;1;1;0;2;0;1;1;1;1;0
sll0051;1;0;7;1;0;0;0;0;1;0;0;0;0
sll0053;1;0;9;0;0;0;1;0;2;0;2;2;1
sll0055;1;0;10;0;0;0;1;0;0;0;1;1;2
sll0057;1;0;11;5;2;1;2;2;4;2;3;1;2
sll0058;1;0;15;2;2;1;2;0;3;2;3;3;2
sll0065;1;0;9;2;1;0;1;0;1;0;1;1;0
sll0066;1;0;5;0;0;0;0;0;1;0;0;0;0
sll0068;1;0;32;2;1;1;1;0;1;1;2;2;2
sll0069;1;0;6;1;0;0;1;0;2;0;0;1;0
sll0070;1;0;4;0;0;0;0;0;0;0;0;0;1
sll0071;1;0;6;1;0;0;0;0;0;0;0;0;0
sll0072;1;0;7;0;1;1;0;0;1;0;0;0;0
sll0078;1;0;14;1;2;4;1;0;2;3;3;2;4
sll0080;1;0;14;0;0;1;0;0;1;2;1;2;2
sll0085;1;0;13;0;0;0;1;0;1;1;1;1;1
sll0086;1;0;12;1;1;2;2;1;1;2;1;2;2
sll0095;1;0;17;0;0;1;1;0;1;1;2;1;2
sll0096;1;0;14;1;1;1;0;0;2;1;1;1;1
sll0098;1;0;7;1;0;0;0;0;0;2;1;1;0
sll0099;1;0;14;1;1;0;2;2;2;3;3;1;0
sll0100;1;0;8;1;0;1;1;0;0;0;0;0;0
sll0102;1;0;9;0;0;1;0;0;1;0;0;0;1
sll0103;1;0;7;1;0;0;0;0;0;0;0;0;0
sll0109;1;0;3;0;0;0;0;0;2;0;0;0;0
sll0135;1;0;7;1;0;1;0;0;0;0;0;0;0
sll0136;1;0;9;0;1;2;1;0;0;0;0;0;0
sll0141;1;0;19;2;1;1;2;1;1;2;2;1;1
sll0142;1;0;17;1;0;1;2;0;2;1;1;1;0
sll0144;1;0;6;1;0;0;0;0;1;0;0;0;0
sll0145;1;0;7;1;1;0;0;0;0;0;0;0;1
sll0147;1;0;15;1;2;2;1;1;2;2;1;1;1
sll0148;1;0;9;0;1;1;0;1;0;0;0;0;0
sll0149;1;0;13;0;1;0;1;0;0;1;1;0;0
sll0154;1;0;9;1;0;0;0;0;0;1;0;1;1
sll0158;1;0;18;1;1;0;0;0;3;3;3;2;2
sll0162;1;0;5;0;1;0;0;0;0;0;0;0;0
sll0163;1;0;51;2;1;2;3;1;2;2;2;2;2
sll0166;1;0;13;1;0;0;0;0;1;1;1;0;0
sll0169;1;0;11;0;1;1;0;0;1;0;1;1;1
sll0170;1;0;18;3;5;1;3;2;13;10;8;9;11
sll0171;1;0;11;0;1;0;1;0;1;1;1;1;0
sll0172;1;0;4;0;0;0;1;0;0;0;0;0;0
sll0173;1;0;12;0;0;1;0;0;2;2;3;2;3
sll0174;1;0;6;0;0;0;0;1;0;0;0;0;0
sll0175;1;0;14;2;1;0;1;1;2;1;3;1;2
sll0177;1;0;15;2;1;2;1;0;1;2;0;1;2
sll0178;1;0;42;1;1;3;2;1;3;4;2;2;4
sll0179;1;0;12;0;0;0;1;0;1;0;2;3;0
sll0180;1;0;18;0;1;1;1;2;1;2;1;2;2
sll0181;1;0;7;0;0;0;1;0;0;1;0;0;1
sll0182;1;0;8;0;0;0;0;0;0;0;1;0;0
sll0184;1;0;7;0;0;0;0;0;1;0;0;1;0
sll0185;1;0;11;0;0;1;1;0;2;0;1;2;0
sll0188;1;0;7;0;1;0;1;0;1;2;1;2;1
sll0189;1;0;4;0;0;0;0;0;0;1;0;0;0
sll0191;1;0;10;1;1;1;1;1;1;1;1;0;2
sll0199;1;0;3;0;1;0;0;0;0;0;0;0;0
sll0202;1;0;18;0;0;1;1;2;2;2;2;2;2
sll0204;1;0;16;1;3;0;0;0;1;1;2;1;1
sll0207;1;0;10;2;2;1;0;0;1;2;3;3;2
sll0208;1;0;8;0;0;1;0;0;1;2;2;0;4
sll0209;1;0;14;1;1;0;1;0;0;0;1;0;0
sll0210;1;0;4;0;0;0;0;0;0;1;0;0;0
sll0216;1;0;7;0;1;0;0;1;0;1;0;0;0
sll0217;1;0;8;0;0;0;1;0;0;2;2;0;0
sll0219;1;0;15;0;0;1;1;0;2;2;1;1;1
sll0220;1;0;12;1;1;0;2;0;3;2;1;2;2
sll0221;1;0;3;0;0;0;0;0;0;0;0;0;1
sll0222;1;0;7;0;0;1;0;0;0;2;1;0;0
sll0224;1;0;13;0;1;0;0;0;4;3;3;3;4
sll0227;1;0;6;0;0;0;0;0;0;0;0;1;0
sll0228;1;0;9;0;0;0;1;0;0;0;1;0;1
sll0230;1;0;4;0;0;0;0;0;0;0;0;1;0
sll0236;1;0;16;1;1;1;0;0;1;1;1;1;1
sll0240;1;0;5;0;0;1;0;0;0;0;1;1;2
sll0241;1;0;9;0;0;1;0;0;0;1;1;0;1
sll0242;1;0;19;0;1;0;1;0;8;4;5;3;1
sll0243;1;0;6;0;0;1;0;0;1;0;0;0;0
sll0244;1;0;5;0;0;0;0;0;0;1;0;1;0
sll0245;1;0;10;0;0;0;0;0;1;1;1;1;1
sll0248;1;0;5;0;0;0;0;0;0;0;1;1;0
sll0250;1;0;5;1;0;0;0;0;0;0;0;0;0
sll0254;1;0;16;0;1;1;1;0;0;1;1;1;1
sll0260;1;0;9;0;1;0;0;0;1;1;1;1;1
sll0262;1;0;9;0;2;1;1;1;1;0;0;0;2
sll0263;1;0;5;1;0;0;0;0;0;0;0;0;0
sll0265;1;0;7;1;0;0;1;0;0;0;0;0;0
sll0266;1;0;6;0;0;1;0;0;0;0;0;0;0
sll0267;1;0;38;2;3;2;1;2;1;2;1;2;2
sll0270;1;0;20;1;1;2;1;1;2;2;1;1;1
sll0271;1;0;11;2;1;2;0;0;1;2;2;2;2
sll0272;1;0;4;0;0;0;0;0;1;3;3;0;0
sll0274;1;0;9;1;2;1;0;0;0;1;2;0;3
sll0280;1;0;10;0;0;0;2;0;0;1;1;1;1
sll0281;1;0;10;0;0;0;0;0;1;1;2;1;0
sll0282;1;0;6;0;0;0;0;0;0;1;1;0;0
sll0283;1;0;10;0;0;1;0;0;0;0;0;1;0
sll0284;1;0;12;1;1;0;1;0;1;0;1;1;1
sll0288;1;0;4;0;0;0;0;0;0;1;0;0;0
sll0289;1;0;9;1;1;1;1;0;1;3;2;2;2
sll0290;1;0;16;1;3;2;2;0;0;2;1;1;3
sll0294;1;0;12;0;1;2;2;1;0;1;1;0;0
sll0298;1;0;5;0;0;0;0;0;1;0;0;0;0
sll0301;1;0;7;2;0;0;1;0;1;0;0;1;2
sll0306;1;0;7;0;0;0;0;0;3;3;2;1;0
sll0309;1;0;5;0;0;0;0;0;1;0;0;0;0
sll0310;1;0;6;0;0;0;1;0;0;0;0;0;0
sll0314;1;0;9;1;2;1;0;0;1;2;1;0;0
sll0318;1;0;9;0;0;0;1;0;2;1;1;0;1
sll0319;1;0;4;0;1;2;2;0;2;2;1;0;3
sll0320;1;0;8;1;0;0;0;0;0;1;1;1;1
sll0321;1;0;9;1;0;0;0;0;1;1;0;0;1
sll0322;1;0;15;0;1;0;1;0;2;3;2;2;1
sll0325;1;0;12;0;0;0;1;0;1;1;1;2;1
sll0328;1;0;5;0;0;0;0;0;1;0;0;0;0
sll0329;1;0;14;0;1;0;2;1;4;5;4;5;3
sll0330;1;0;5;0;0;0;0;0;3;0;0;0;0
sll0335;1;0;12;0;0;1;1;0;2;1;2;2;1
sll0336;1;0;14;0;1;1;0;1;1;1;1;1;1
sll0337;1;0;12;2;0;1;1;1;1;0;0;0;1
sll0350;1;0;13;0;0;0;1;0;2;1;2;0;2
sll0359;1;0;6;0;0;0;0;0;1;1;0;0;0
sll0361;1;0;4;0;0;1;0;0;0;0;0;0;0
sll0362;1;0;24;2;2;2;2;1;2;2;2;2;2
sll0364;1;0;3;0;0;1;0;0;0;0;0;0;0
sll0368;1;0;7;0;0;0;0;0;1;1;1;0;0
sll0370;1;0;30;1;1;1;1;1;1;1;2;1;2
sll0371;1;0;11;0;0;2;1;0;2;1;1;2;1
sll0373;1;0;11;0;2;0;0;0;0;0;0;0;1
sll0374;1;0;8;1;2;0;1;1;0;0;0;2;1
sll0375;1;0;7;0;0;0;0;0;0;1;1;2;1
sll0377;1;0;28;1;1;1;1;1;5;2;2;2;2
sll0378;1;0;9;0;0;0;1;0;1;0;1;0;0
sll0379;1;0;9;0;0;0;0;0;0;0;2;0;0
sll0380;1;0;5;0;0;0;0;0;0;0;0;2;0
sll0384;1;0;8;1;0;0;1;0;1;1;0;1;0
sll0385;1;0;9;0;0;0;0;0;1;3;2;1;2
sll0395;1;0;8;0;0;0;1;0;0;1;0;0;1
sll0396;1;0;7;0;0;0;0;0;1;0;0;0;0
sll0398;1;0;11;1;0;0;0;0;0;0;0;1;1
sll0401;1;0;15;1;1;1;1;2;0;1;2;1;1
sll0402;1;0;12;0;0;0;1;0;1;1;1;1;1
sll0404;1;0;10;1;0;1;0;0;1;1;0;0;1
sll0406;1;0;6;0;0;1;0;0;0;0;0;0;0
sll0408;1;0;11;2;0;3;3;0;3;5;2;4;3
sll0409;1;0;11;2;2;5;1;2;1;1;0;1;1
sll0410;1;0;4;0;0;0;0;0;0;0;0;1;0
sll0412;1;0;10;0;0;0;0;1;0;0;1;1;0
sll0413;1;0;7;0;0;0;0;0;0;0;1;0;0
sll0414;1;0;6;2;1;0;0;0;0;0;0;0;0
sll0416;1;0;13;0;3;3;2;0;7;6;7;7;6
sll0421;1;0;13;1;2;1;1;0;0;1;2;2;1
sll0422;1;0;7;0;0;0;0;0;2;1;1;0;0
sll0423;1;0;4;2;0;0;0;0;0;0;0;0;1
sll0424;1;0;10;1;0;0;0;0;2;1;1;2;2
sll0427;1;0;7;0;1;1;0;0;1;0;0;3;0
sll0428;1;0;7;0;1;0;0;0;1;2;1;0;1
sll0430;1;0;20;2;0;1;0;1;2;3;4;3;3
sll0436;1;0;6;2;0;0;0;0;0;0;0;1;1
sll0441;1;0;13;0;1;0;0;0;2;1;1;1;2
sll0443;1;0;12;0;0;0;1;0;1;1;1;1;1
sll0445;1;0;12;0;1;2;0;0;1;1;1;2;1
sll0446;1;0;25;1;1;0;1;1;1;1;1;2;1
sll0447;1;0;12;0;1;0;1;1;2;1;1;0;0
sll0448;1;0;9;0;0;0;0;0;0;0;0;0;1
sll0449;1;0;6;0;0;0;0;0;1;0;0;0;0
sll0454;1;0;9;2;0;2;1;0;1;1;1;2;2
sll0455;1;0;8;0;0;0;0;0;1;1;0;1;0
sll0456;1;0;11;1;1;0;1;0;0;1;1;1;1
sll0459;1;0;19;0;1;1;0;0;2;1;1;1;1
sll0461;1;0;10;0;0;0;0;0;0;0;1;0;0
sll0467;1;0;8;0;1;0;0;0;4;3;3;4;4
sll0469;1;0;10;0;1;0;0;0;1;1;1;2;1
sll0471;1;0;15;1;0;1;1;2;0;1;1;1;0
sll0473;1;0;3;2;0;0;0;0;0;0;0;0;0
sll0474;1;0;9;0;1;0;0;0;0;0;1;1;0
sll0477;1;0;8;0;0;0;0;0;0;0;1;1;0
sll0480;1;0;16;2;1;2;2;0;1;3;1;1;2
sll0482;1;0;10;0;0;0;0;0;1;1;1;1;0
sll0484;1;0;8;1;0;0;0;0;0;1;1;2;2
sll0488;1;0;4;0;0;0;0;0;0;0;1;0;0
sll0493;1;0;8;0;0;0;0;0;1;0;1;1;1
sll0495;1;0;18;0;2;1;1;0;1;3;2;2;4
sll0496;1;0;13;1;0;0;1;1;2;1;2;1;1
sll0497;1;0;11;1;0;0;0;0;1;0;2;2;3
sll0499;1;0;17;3;3;1;0;1;2;2;2;1;2
sll0501;1;0;9;1;0;2;0;0;1;2;2;2;2
sll0502;1;0;23;1;1;1;0;1;1;2;0;1;2
sll0503;1;0;10;0;0;0;0;1;3;3;3;2;3
sll0504;1;0;13;1;0;1;1;0;0;0;0;1;2
sll0505;1;0;9;0;0;0;0;0;1;1;0;1;0
sll0506;1;0;10;1;0;0;0;0;0;0;0;0;1
sll0507;1;0;10;0;0;0;0;0;0;1;1;1;1
sll0508;1;0;6;1;1;0;0;1;0;0;0;0;0
sll0509;1;0;10;0;0;0;0;0;1;0;0;1;1
sll0513;1;0;8;0;0;0;1;0;0;0;0;1;1
sll0514;1;0;6;2;0;2;0;0;0;0;0;0;2
sll0518;1;0;12;1;0;2;1;1;3;0;3;1;0
sll0519;1;0;5;2;0;1;1;0;0;0;0;0;0
sll0520;1;0;8;1;3;2;4;1;1;0;0;0;0
sll0524;1;0;15;1;0;0;1;0;2;1;1;1;1
sll0529;1;0;20;0;2;1;0;0;4;4;3;3;2
sll0532;1;0;4;0;0;0;0;0;0;0;1;0;0
sll0533;1;0;13;1;1;0;0;1;2;2;2;2;2
sll0535;1;0;13;1;1;0;1;0;1;1;1;1;1
sll0536;1;0;8;0;0;0;2;0;0;0;1;0;1
sll0539;1;0;9;1;0;0;0;0;0;0;0;0;0
sll0540;1;0;8;0;0;0;0;0;2;2;1;0;0
sll0541;1;0;7;0;1;0;0;1;2;2;2;1;2
sll0542;1;0;21;2;2;1;1;1;3;3;3;2;3
sll0544;1;0;5;0;0;0;0;0;0;0;0;2;0
sll0547;1;0;4;0;0;0;0;0;1;1;1;0;0
sll0550;1;0;16;1;0;0;0;0;1;1;2;1;1
sll0552;1;0;4;1;0;0;0;0;0;0;0;0;0
sll0553;1;0;10;1;0;1;0;0;1;2;0;1;1
sll0554;1;0;4;0;0;0;0;0;0;1;0;0;0
sll0556;1;0;5;0;0;0;1;0;0;0;0;0;2
sll0558;1;0;7;1;0;0;2;0;1;2;1;3;0
sll0563;1;0;8;1;2;0;1;2;0;0;1;0;0
sll0564;1;0;5;0;0;0;0;0;1;0;0;0;0
sll0565;1;0;5;0;0;0;0;0;0;0;0;0;1
sll0569;1;0;9;0;0;0;2;0;1;1;1;1;1
sll0572;1;0;7;0;0;0;0;0;0;0;1;0;0
sll0573;1;0;9;2;1;1;0;0;0;0;0;0;0
sll0576;1;0;10;0;1;0;0;0;2;2;2;2;1
sll0578;1;0;10;1;1;1;1;1;1;0;0;1;0
sll0585;1;0;7;0;1;0;0;0;1;1;1;1;0
sll0586;1;0;11;1;0;1;2;0;0;0;1;0;2
sll0587;1;0;9;0;0;0;0;0;0;1;1;0;1
sll0590;1;0;8;1;0;0;0;0;0;0;0;0;0
sll0593;1;0;9;0;0;1;1;0;1;1;0;0;0
sll0596;1;0;5;0;0;0;0;0;0;1;0;0;0
sll0601;1;0;7;0;0;0;0;0;1;0;0;0;0
sll0602;1;0;10;0;0;1;2;0;1;1;0;1;0
sll0603;1;0;13;1;1;2;1;0;2;4;2;1;1
sll0606;1;0;13;1;0;1;1;0;0;2;1;1;1
sll0613;1;0;7;0;0;0;0;0;0;0;0;0;1
sll0616;1;0;33;1;1;3;2;1;3;4;4;3;3
sll0617;1;0;5;0;0;1;0;0;0;0;0;0;0
sll0622;1;0;8;1;0;1;0;0;0;0;0;0;1
sll0626;1;0;8;0;1;0;0;0;0;0;0;0;0
sll0630;1;0;8;1;0;1;0;2;1;0;1;0;1
sll0631;1;0;15;1;0;1;1;1;0;1;1;1;0
sll0634;1;0;6;0;1;0;0;0;1;0;1;1;1
sll0638;1;0;7;0;0;0;0;0;1;0;0;1;0
sll0639;1;0;9;1;1;0;0;0;2;2;2;0;1
sll0640;1;0;8;0;1;0;0;0;0;0;2;0;0
sll0641;1;0;7;1;0;0;2;0;1;2;2;2;0
sll0643;1;0;7;0;0;0;0;1;0;0;0;0;0
sll0644;1;0;8;1;0;0;0;0;0;0;1;0;0
sll0645;1;0;6;0;0;0;0;0;0;0;0;0;1
sll0646;1;0;20;1;0;1;1;0;3;3;2;2;2
sll0649;1;0;7;0;0;1;0;0;0;2;0;0;0
sll0654;1;0;17;0;1;2;1;1;0;2;1;3;1
sll0656;1;0;16;0;0;1;0;0;1;1;1;2;1
sll0659;1;0;16;1;0;0;0;0;2;1;2;2;3
sll0660;1;0;9;0;0;0;0;0;3;2;1;2;1
sll0664;1;0;7;0;0;0;0;0;0;1;0;0;0
sll0671;1;0;8;0;0;0;0;0;0;1;2;0;2
sll0672;1;0;23;2;1;1;1;1;1;1;2;1;1
sll0676;1;0;6;0;0;0;0;0;0;0;0;1;0
sll0679;1;0;10;1;0;0;1;1;0;0;0;1;1
sll0680;1;0;6;0;1;0;0;0;1;1;2;0;0
sll0681;1;0;4;0;0;0;0;0;0;1;0;0;0
sll0683;1;0;10;1;0;0;1;0;1;1;1;1;0
sll0684;1;0;8;1;0;1;1;0;2;0;1;2;1
sll0688;1;0;6;0;0;0;0;0;0;0;0;2;0
sll0689;1;0;5;0;0;0;0;0;1;1;0;0;0
sll0696;1;0;5;0;1;0;0;0;1;3;1;1;1
sll0698;1;0;13;1;1;0;0;0;0;0;0;0;1
sll0703;1;0;11;0;0;1;0;0;1;1;3;2;1
sll0704;1;0;8;0;1;0;0;0;1;2;0;0;1
sll0709;1;0;14;3;3;1;2;2;2;2;2;2;1
sll0710;1;0;14;1;1;1;1;1;1;1;1;2;1
sll0712;1;0;8;0;0;0;0;0;1;1;0;0;0
sll0721;1;0;15;0;1;0;0;0;4;1;1;2;1
sll0722;1;0;8;0;2;0;1;0;1;3;2;1;1
sll0723;1;0;40;3;3;2;1;4;2;3;3;3;3
sll0726;1;0;20;3;2;2;3;1;2;2;1;2;2
sll0727;1;0;11;0;2;0;1;0;1;0;0;0;2
sll0728;1;0;9;0;0;0;0;0;2;1;1;1;2
sll0729;1;0;10;2;0;1;0;0;2;1;0;0;2
sll0732;1;0;7;0;0;2;0;0;0;0;0;1;0
sll0735;1;0;14;0;0;2;1;0;2;0;2;1;3
sll0737;1;0;9;0;0;0;0;0;2;2;2;1;1
sll0738;1;0;5;0;0;0;0;0;0;0;0;1;0
sll0739;1;0;13;1;1;2;0;0;0;0;1;1;0
sll0740;1;0;13;1;0;1;0;0;0;2;1;1;1
sll0741;1;0;29;1;1;1;1;1;2;1;1;1;3
sll0742;1;0;11;1;1;1;1;0;1;1;1;1;1
sll0744;1;0;7;0;0;0;0;1;1;0;1;0;0
sll0745;1;0;8;0;0;0;0;0;0;0;0;1;1
sll0750;1;0;13;0;0;0;1;1;1;0;1;1;1
sll0752;1;0;12;0;1;0;0;0;1;0;1;1;1
sll0753;1;0;10;0;1;0;0;0;1;1;1;0;1
sll0754;1;0;3;0;0;0;0;0;0;0;0;1;0
sll0755;1;0;8;0;0;0;0;0;2;1;1;2;1
sll0756;1;0;3;0;0;0;0;0;0;0;0;0;1
sll0757;1;0;11;0;1;0;0;0;2;3;1;1;0
sll0759;1;0;5;0;0;0;1;0;0;0;0;0;1
sll0764;1;0;12;0;1;0;1;0;2;2;2;1;1
sll0765;1;0;10;0;0;2;0;0;1;1;1;0;1
sll0766;1;0;7;0;1;0;1;0;2;0;0;0;0
sll0778;1;0;19;1;0;2;1;0;1;1;0;1;1
sll0779;1;0;20;1;2;1;0;1;2;1;1;1;1
sll0781;1;0;7;0;0;0;0;0;2;0;2;0;2
sll0782;1;0;11;0;0;1;0;0;0;2;0;1;0
sll0785;1;0;7;0;0;0;0;0;0;0;1;0;0
sll0786;1;0;4;0;0;0;0;0;0;0;1;0;0
sll0787;1;0;4;0;0;0;0;0;0;0;1;0;0
sll0797;1;0;5;0;0;0;0;0;2;0;0;0;1
sll0798;1;0;10;1;0;0;0;0;1;0;3;1;1
sll0804;1;0;8;0;1;0;0;0;1;0;0;0;0
sll0807;1;0;4;0;0;0;0;0;1;1;0;0;0
sll0809;1;0;5;0;0;0;0;0;1;0;0;0;0
sll0810;1;0;6;0;0;0;1;0;0;0;1;1;1
sll0813;1;0;7;0;0;0;0;0;1;1;2;0;0
sll0815;1;0;12;2;1;2;1;0;0;1;0;0;0
sll0816;1;0;11;0;1;0;0;0;1;1;0;2;1
sll0819;1;0;5;0;0;0;0;0;1;2;2;1;1
sll0821;1;0;25;1;1;1;1;2;2;2;2;1;2
sll0823;1;0;7;2;3;1;0;0;0;0;0;0;0
sll0825;1;0;11;0;0;0;0;0;1;2;2;1;2
sll0827;1;0;12;1;0;1;2;1;1;1;0;1;1
sll0828;1;0;8;0;0;0;0;0;0;0;1;0;0
sll0830;1;0;10;0;2;1;2;0;3;1;1;1;2
sll0832;1;0;5;0;0;0;0;0;0;1;0;0;0
sll0834;1;0;9;0;0;0;0;0;0;0;1;0;0
sll0837;1;0;8;2;1;2;3;0;4;4;5;3;4
sll0838;1;0;4;0;0;0;0;0;0;1;0;0;0
sll0842;1;0;9;0;0;0;0;0;0;0;2;0;0
sll0843;1;0;6;1;0;0;1;0;0;0;0;0;0
sll0844;1;0;13;0;0;0;1;1;1;1;2;1;2
sll0847;1;0;6;0;1;0;0;0;0;0;0;0;0
sll0848;1;0;16;1;0;1;1;0;1;1;1;1;1
sll0851;1;0;11;1;1;0;1;1;2;0;1;1;0
sll0854;1;0;8;0;2;0;0;0;0;0;0;0;1
sll0856;1;0;6;0;0;0;0;0;1;0;0;1;2
sll0858;1;0;6;0;0;0;0;0;0;0;0;0;1
sll0860;1;0;5;0;0;0;0;0;0;1;1;3;1
sll0861;1;0;8;0;2;0;0;1;0;1;0;1;1
sll0862;1;0;8;1;1;1;1;0;0;0;0;0;0
sll0863;1;0;4;0;0;0;0;0;0;0;0;1;1
sll0865;1;0;18;0;3;1;1;4;1;0;0;1;1
sll0867;1;0;9;0;0;0;0;0;0;1;0;1;2
sll0868;1;0;8;0;0;0;1;0;0;0;0;0;1
sll0869;1;0;6;0;0;0;0;0;1;0;0;0;0
sll0871;1;0;7;0;0;0;0;0;1;0;0;1;0
sll0873;1;0;8;0;1;1;0;1;1;0;0;0;1
sll0876;1;0;5;0;0;0;1;0;1;1;0;1;0
sll0877;1;0;15;0;0;0;1;0;2;3;3;3;1
sll0886;1;0;7;0;0;0;0;0;1;1;1;0;0
sll0887;1;0;15;0;0;1;0;0;2;1;1;1;2
sll0891;1;0;10;0;1;0;2;0;0;0;1;1;2
sll0895;1;0;7;0;0;0;0;0;2;1;0;1;1
sll0897;1;0;10;0;1;1;1;2;0;0;0;0;0
sll0898;1;0;8;1;1;0;0;0;0;1;0;0;0
sll0899;1;0;9;0;1;0;1;0;2;0;1;1;0
sll0902;1;0;11;0;1;0;1;0;2;3;2;3;4
sll0909;1;0;5;0;1;0;0;2;1;0;0;0;1
sll0910;1;0;14;0;0;0;0;1;1;2;2;1;2
sll0911;1;0;4;0;0;0;0;0;1;0;0;0;1
sll0912;1;0;16;1;2;1;1;1;2;2;3;3;3
sll0914;1;0;7;0;1;0;0;0;0;1;0;0;0
sll0915;1;0;15;1;1;1;1;0;3;3;2;2;3
sll0916;1;0;5;0;0;0;0;0;2;0;1;0;0
sll0920;1;0;31;2;1;2;1;0;1;2;2;4;3
sll0921;1;0;4;0;0;0;0;0;0;0;0;0;3
sll0922;1;0;4;0;2;0;0;0;0;0;0;0;0
sll0923;1;0;13;0;0;0;0;0;3;2;2;1;1
sll0924;1;0;4;0;0;0;0;1;0;0;0;0;0
sll0925;1;0;7;0;0;1;0;0;0;0;0;1;0
sll0926;1;0;9;0;0;0;0;0;1;1;1;0;1
sll0927;1;0;11;0;1;2;1;0;2;1;1;2;1
sll0928;1;0;5;0;0;0;0;0;0;0;0;3;1
sll0934;1;0;11;2;2;1;1;1;1;1;1;0;0
sll0936;1;0;15;1;1;1;1;0;2;1;2;2;2
sll0938;1;0;6;0;0;0;0;0;0;0;1;0;0
sll0939;1;0;7;1;0;1;0;0;1;0;0;0;1
sll0943;1;0;6;0;0;1;1;0;0;0;0;0;0
sll0945;1;0;16;0;0;0;0;0;2;1;2;2;2
sll0947;1;0;6;0;2;0;0;0;0;1;0;0;0
sll0980;1;0;10;0;0;0;1;1;1;0;0;0;0
sll0981;1;0;7;2;1;1;0;0;2;0;0;0;0
sll0982;1;0;6;0;0;0;0;0;1;0;0;2;1
sll0985;1;0;15;1;0;1;1;1;1;1;1;1;2
sll0990;1;0;8;1;0;1;0;0;1;1;0;2;0
sll0995;1;0;4;0;0;0;0;0;0;0;0;0;2
sll0996;1;0;15;1;1;0;0;0;1;2;1;2;2
sll0997;1;0;8;1;0;0;0;0;1;1;2;1;0
sll0998;1;0;11;2;3;2;1;1;1;0;1;0;2
sll1001;1;0;4;0;0;0;0;0;2;0;0;0;0
sll1002;1;0;15;1;1;0;1;0;0;1;1;1;1
sll1003;1;0;23;1;1;2;2;0;2;1;1;1;1
sll1004;1;0;7;1;1;0;0;0;0;0;0;0;0
sll1005;1;0;7;0;0;1;0;0;0;1;1;1;0
sll1009;1;0;5;0;0;0;0;0;1;0;0;0;0
sll1011;1;0;6;0;0;0;0;0;0;0;0;1;1
sll1017;1;0;5;0;0;0;0;0;0;0;1;0;0
sll1018;1;0;9;1;0;0;0;0;0;1;1;1;1
sll1019;1;0;8;1;1;2;2;0;1;0;1;0;0
sll1020;1;0;11;1;1;2;0;0;0;1;1;1;1
sll1021;1;0;19;1;1;1;1;0;1;2;1;1;2
sll1023;1;0;8;1;0;1;1;0;1;1;0;1;0
sll1024;1;0;7;0;0;0;0;0;1;0;0;1;0
sll1025;1;0;8;0;0;0;0;0;1;2;1;1;0
sll1027;1;0;18;1;2;2;1;1;2;1;3;2;1
sll1031;1;0;19;1;1;1;2;1;1;1;1;1;1
sll1032;1;0;4;0;0;0;0;0;1;0;0;1;0
sll1033;1;0;13;0;0;0;0;0;2;2;2;2;2
sll1035;1;0;6;0;0;0;1;0;1;0;0;0;0
sll1036;1;0;4;0;0;0;0;0;0;1;0;0;0
sll1037;1;0;8;0;0;1;1;0;0;0;1;1;0
sll1039;1;0;4;0;0;0;0;0;1;0;0;1;1
sll1040;1;0;21;2;1;2;3;1;2;1;1;1;1
sll1041;1;0;13;1;1;0;1;0;0;1;1;0;0
sll1043;1;0;26;3;1;3;2;2;4;3;3;4;3
sll1049;1;0;11;1;0;0;0;0;0;0;0;1;0
sll1051;1;0;4;0;0;0;0;0;0;1;0;2;0
sll1053;1;0;12;0;1;0;1;0;2;1;2;0;2
sll1054;1;0;6;0;0;0;1;0;0;0;0;0;1
sll1056;1;0;12;0;0;0;0;0;2;2;1;2;1
sll1058;1;0;7;0;0;0;0;0;1;0;0;0;0
sll1059;1;0;8;2;0;0;0;0;1;2;2;2;1
sll1060;1;0;20;1;2;0;0;0;1;1;1;1;1
sll1062;1;0;6;1;0;0;0;0;0;0;0;0;1
sll1064;1;0;12;2;1;1;1;0;1;0;1;2;1
sll1070;1;0;18;2;2;1;0;0;4;4;2;4;6
sll1071;1;0;6;0;0;0;0;0;3;0;0;0;0
sll1072;1;0;7;0;0;1;0;0;1;0;0;0;0
sll1074;1;0;29;0;2;0;1;1;2;2;2;3;2
sll1076;1;0;21;0;1;0;0;1;2;1;1;1;1
sll1077;1;0;10;0;0;0;1;0;1;2;2;3;2
sll1079;1;0;9;1;0;0;0;0;0;2;1;0;0
sll1080;1;0;9;0;0;0;0;0;0;2;0;0;0
sll1082;1;0;14;1;3;2;1;1;1;1;0;1;1
sll1084;1;0;15;0;2;2;0;0;1;2;1;0;1
sll1085;1;0;13;0;0;1;1;0;1;1;1;0;1
sll1089;1;0;6;0;0;0;0;0;0;1;0;2;2
sll1091;1;0;14;1;1;1;0;0;2;2;4;4;5
sll1097;1;0;7;0;1;0;0;0;0;0;2;1;1
sll1098;1;0;20;0;1;2;0;1;3;3;3;3;2
sll1099;1;0;12;4;7;3;5;3;10;11;11;9;9
sll1101;1;0;7;1;1;1;1;0;0;0;1;0;0
sll1108;1;0;7;0;0;0;0;0;2;4;1;1;2
sll1110;1;0;18;1;1;1;1;1;1;2;3;3;3
sll1118;1;0;7;0;0;0;0;0;1;1;2;1;0
sll1119;1;0;10;0;0;0;0;2;0;0;1;1;0
sll1120;1;0;29;2;1;2;1;1;1;1;2;3;3
sll1121;1;0;13;0;0;0;0;0;2;2;1;0;1
sll1123;1;0;7;0;1;0;0;0;0;0;0;0;0
sll1124;1;0;28;2;2;1;1;1;4;2;4;3;1
sll1127;1;0;12;1;1;0;2;0;2;1;1;2;1
sll1129;1;0;4;0;0;0;0;0;0;1;0;0;1
sll1130;1;0;4;0;0;0;0;0;0;0;0;0;2
sll1135;1;0;5;0;0;0;1;0;0;3;1;2;3
sll1138;1;0;7;1;0;1;0;0;0;0;0;0;0
sll1143;1;0;29;1;1;1;1;1;2;1;2;2;2
sll1151;1;0;11;0;0;0;0;0;2;1;1;2;1
sll1154;1;0;5;0;0;0;0;0;0;0;0;0;1
sll1159;1;0;5;0;0;0;0;0;0;0;2;0;0
sll1161;1;0;12;2;1;1;2;0;3;2;1;0;2
sll1162;1;0;3;0;1;0;0;0;0;0;0;0;0
sll1165;1;0;30;2;1;2;1;0;3;3;1;1;2
sll1166;1;0;5;0;0;1;0;0;0;1;0;0;0
sll1167;1;0;8;0;0;0;1;0;1;1;0;0;0
sll1169;1;0;5;0;0;0;0;0;0;0;0;0;1
sll1170;1;0;9;0;0;1;0;0;1;1;0;2;1
sll1172;1;0;8;0;1;0;0;0;0;0;1;1;0
sll1173;1;0;10;0;1;0;0;0;0;0;0;1;1
sll1174;1;0;3;0;0;0;0;0;1;0;1;1;0
sll1178;1;0;21;1;1;1;2;0;1;1;2;3;2
sll1180;1;0;24;3;2;2;3;1;1;1;2;2;1
sll1181;1;0;25;1;1;0;1;2;1;2;1;1;1
sll1184;1;0;7;0;0;0;0;0;1;1;1;1;1
sll1185;1;0;12;3;2;0;1;0;1;0;1;2;1
sll1188;1;0;7;1;0;0;1;0;0;0;0;0;0
sll1189;1;0;11;1;1;0;1;0;1;1;1;1;1
sll1193;1;0;5;0;0;0;0;0;0;1;0;0;0
sll1194;1;0;6;1;0;2;0;0;2;1;3;0;0
sll1196;1;0;16;1;1;1;2;3;1;2;3;2;1
sll1198;1;0;5;0;0;0;2;2;0;0;0;0;0
sll1200;1;0;4;0;0;0;1;0;0;0;0;0;1
sll1202;1;0;8;0;0;0;0;0;0;1;1;0;0
sll1203;1;0;13;2;0;0;1;1;0;0;1;1;0
sll1205;1;0;7;0;1;2;0;0;0;1;0;0;0
sll1206;1;0;13;1;0;2;0;1;2;2;1;1;1
sll1209;1;0;29;1;1;1;1;0;1;2;3;2;1
sll1212;1;0;10;2;0;0;1;1;1;1;0;1;1
sll1213;1;0;11;1;2;1;2;0;1;1;2;1;0
sll1214;1;0;15;1;0;1;1;0;2;3;2;1;1
sll1217;1;0;11;1;2;1;1;0;1;1;1;1;1
sll1218;1;0;5;0;0;0;0;0;1;2;0;0;2
sll1220;1;0;6;0;0;0;1;0;0;0;0;0;0
sll1221;1;0;13;1;1;1;0;0;2;2;1;1;2
sll1222;1;0;7;0;0;0;0;0;1;1;0;0;1
sll1223;1;0;9;1;0;0;0;0;2;0;0;0;0
sll1224;1;0;4;0;0;0;0;0;1;0;0;0;0
sll1225;1;0;4;0;0;0;0;0;0;2;0;0;1
sll1226;1;0;14;2;0;2;1;0;3;2;2;2;2
sll1228;1;0;9;1;0;0;1;0;4;2;4;3;5
sll1229;1;0;10;0;0;0;0;0;0;1;0;1;1
sll1231;1;0;9;0;1;0;0;0;1;0;0;0;0
sll1233;1;0;13;2;0;1;0;0;1;1;1;0;1
sll1234;1;0;8;0;0;0;0;0;0;0;0;1;0
sll1237;1;0;7;1;0;0;0;0;1;1;0;0;0
sll1239;1;0;6;0;0;0;0;0;1;1;0;1;0
sll1241;1;0;8;1;1;2;0;0;0;0;0;1;0
sll1242;1;0;9;0;0;1;0;0;0;0;0;0;0
sll1244;1;0;5;0;0;0;0;0;3;3;2;6;6
sll1247;1;0;14;0;0;0;0;0;0;1;2;1;2
sll1249;1;0;10;0;1;0;0;1;1;1;1;1;0
sll1251;1;0;8;1;0;1;0;0;0;0;0;0;0
sll1252;1;0;7;0;0;0;1;0;0;1;1;1;0
sll1253;1;0;36;1;2;1;3;2;4;1;1;3;3
sll1260;1;0;10;0;1;0;0;1;1;2;2;0;0
sll1261;1;0;5;0;0;0;2;0;3;3;4;4;0
sll1265;1;0;35;4;2;4;3;1;1;2;1;1;3
sll1267;1;0;6;0;0;0;0;0;0;1;0;0;0
sll1268;1;0;9;0;1;1;0;1;1;1;0;0;1
sll1270;1;0;10;0;0;0;0;0;1;2;1;1;1
sll1271;1;0;10;0;1;0;0;0;0;1;0;0;0
sll1272;1;0;11;0;0;0;0;0;1;2;3;0;0
sll1273;1;0;22;1;2;0;2;0;2;2;1;3;2
sll1274;1;0;5;0;0;0;1;0;0;0;0;0;0
sll1275;1;0;22;1;0;1;2;0;1;2;2;2;2
sll1276;1;0;15;1;1;1;0;0;1;0;1;2;2
sll1277;1;0;12;0;1;0;0;0;0;2;2;1;1
sll1280;1;0;5;0;0;1;0;0;0;0;0;0;1
sll1283;1;0;11;1;0;1;0;0;1;1;2;1;1
sll1285;1;0;5;1;0;0;0;0;0;0;0;0;0
sll1289;1;0;8;0;0;0;0;0;1;1;1;0;0
sll1290;1;0;21;0;2;1;1;2;1;1;1;2;2
sll1291;1;0;3;0;0;0;0;0;0;0;0;1;0
sll1294;1;0;27;1;1;2;1;1;2;3;2;3;3
sll1296;1;0;15;1;0;0;1;1;2;1;1;1;1
sll1297;1;0;6;0;1;0;1;0;1;0;0;0;1
sll1298;1;0;6;0;0;0;0;0;0;1;0;0;1
sll1299;1;0;9;1;0;1;0;0;0;1;0;0;0
sll1300;1;0;5;0;0;0;0;0;1;0;0;0;2
sll1304;1;0;15;1;1;0;1;1;2;1;2;2;1
sll1305;1;0;6;0;0;0;0;0;2;1;2;1;1
sll1306;1;0;10;0;0;0;0;0;1;1;2;0;3
sll1307;1;0;6;0;0;0;1;0;0;2;0;0;1
sll1308;1;0;5;0;0;0;0;0;0;0;1;1;0
sll1314;1;0;9;0;0;1;0;0;0;1;0;2;1
sll1315;1;0;8;0;1;0;0;0;0;0;0;1;0
sll1316;1;0;5;0;0;0;0;0;0;1;0;0;1
sll1317;1;0;11;1;0;0;0;0;1;1;2;0;2
sll1324;1;0;3;0;0;1;0;0;0;0;0;0;0
sll1325;1;0;6;1;1;0;0;1;0;5;2;2;0
sll1326;1;0;14;2;1;1;1;0;3;5;4;4;4
sll1330;1;0;3;0;1;0;1;0;0;0;0;0;0
sll1334;1;0;12;0;1;0;1;0;0;1;0;1;1
sll1336;1;0;23;2;2;1;1;1;1;3;3;3;3
sll1340;1;0;4;0;0;0;0;0;1;0;0;0;0
sll1341;1;0;4;0;0;0;0;0;0;1;0;0;0
sll1342;1;0;16;1;2;0;2;2;9;5;7;4;3
sll1343;1;0;31;1;1;1;1;1;2;2;1;2;1
sll1344;1;0;10;1;0;0;1;0;0;0;0;0;1
sll1348;1;0;9;0;0;0;0;0;0;0;1;0;0
sll1349;1;0;9;0;0;0;0;0;1;0;0;0;1
sll1350;1;0;11;0;0;0;0;0;0;0;0;1;1
sll1353;1;0;22;1;1;1;1;0;2;2;2;2;2
sll1354;1;0;12;0;1;0;0;0;1;3;2;2;1
sll1356;1;0;28;1;1;1;1;0;3;2;3;2;1
sll1358;1;0;10;0;0;0;1;0;0;1;0;2;3
sll1359;1;0;18;0;1;0;0;1;1;2;1;2;1
sll1360;1;0;14;0;1;0;1;1;2;2;2;1;0
sll1362;1;0;18;1;0;0;0;0;2;1;1;1;1
sll1363;1;0;14;1;0;0;1;0;6;4;5;7;5
sll1365;1;0;16;0;0;0;0;1;1;1;1;2;1
sll1366;1;0;30;2;1;1;1;0;2;2;1;2;2
sll1367;1;0;12;1;1;1;2;0;2;2;1;2;1
sll1369;1;0;9;2;0;1;1;0;1;0;0;0;0
sll1370;1;0;15;1;0;1;0;0;2;1;0;2;1
sll1371;1;0;7;0;0;1;0;0;0;1;0;0;0
sll1372;1;0;6;0;1;1;0;0;0;0;0;0;0
sll1374;1;0;6;0;1;0;0;0;0;0;1;0;0
sll1376;1;0;8;0;0;0;0;0;1;1;2;1;1
sll1377;1;0;11;1;1;0;0;2;0;0;1;1;1
sll1378;1;0;8;1;0;0;1;0;0;1;1;1;2
sll1380;1;0;11;0;0;0;0;0;2;1;1;2;0
sll1381;1;0;6;0;1;0;0;1;0;0;0;0;0
sll1383;1;0;7;0;1;0;0;0;2;2;1;1;0
sll1384;1;0;9;1;1;0;0;0;2;1;1;1;1
sll1386;1;0;4;0;0;0;2;0;0;0;0;0;0
sll1389;1;0;5;1;0;1;0;1;0;0;0;0;0
sll1390;1;0;5;0;0;0;0;0;1;1;0;0;0
sll1393;1;0;15;0;0;1;0;1;2;3;2;0;2
sll1394;1;0;7;0;1;0;0;0;1;0;1;0;0
sll1395;1;0;10;0;0;0;0;0;1;2;0;1;1
sll1396;1;0;6;0;0;0;0;0;0;0;1;0;0
sll1399;1;0;8;0;1;0;0;0;1;1;2;1;2
sll1401;1;0;9;0;0;0;0;0;2;0;0;1;1
sll1404;1;0;6;1;0;1;0;0;0;1;0;0;1
sll1406;1;0;12;0;0;0;0;0;1;0;1;1;2
sll1408;1;0;9;1;1;0;0;0;0;1;0;2;3
sll1409;1;0;16;1;1;0;1;0;1;2;2;1;1
sll1415;1;0;9;1;0;1;0;1;0;0;0;0;0
sll1418;1;0;5;0;0;0;0;0;1;1;1;0;0
sll1423;1;0;9;0;0;0;0;0;1;0;1;2;1
sll1424;1;0;16;2;1;1;0;0;1;1;1;1;1
sll1425;1;0;11;0;0;1;1;0;1;0;1;0;1
sll1427;1;0;12;2;0;0;0;0;2;0;2;2;1
sll1429;1;0;8;1;0;1;2;0;0;0;0;0;1
sll1433;1;0;15;2;0;0;1;0;1;1;1;2;1
sll1434;1;0;25;1;0;3;2;1;3;3;3;3;2
sll1435;1;0;23;1;1;2;1;1;4;2;3;3;2
sll1439;1;0;8;0;0;0;0;0;0;1;0;0;0
sll1440;1;0;9;0;0;0;0;0;2;2;0;0;0
sll1441;1;0;8;0;0;0;0;0;0;0;0;1;0
sll1443;1;0;11;0;1;0;0;0;2;2;2;3;2
sll1444;1;0;4;0;0;0;0;0;0;0;1;1;0
sll1446;1;0;12;2;1;1;1;0;1;1;1;1;0
sll1450;1;0;6;0;0;0;0;0;0;1;0;0;0
sll1452;1;0;19;2;2;1;2;1;3;2;2;3;3
sll1453;1;0;11;0;0;2;1;0;2;2;2;2;1
sll1454;1;0;16;0;1;1;1;0;1;1;0;1;1
sll1455;1;0;7;0;1;0;0;0;1;2;0;0;0
sll1456;1;0;7;0;0;0;0;0;0;1;2;1;1
sll1457;1;0;8;0;0;1;0;0;1;1;1;1;2
sll1459;1;0;4;0;0;0;0;0;0;1;0;0;1
sll1461;1;0;7;0;0;0;0;0;1;0;0;0;0
sll1462;1;0;6;0;1;0;2;0;0;0;2;0;2
sll1463;1;0;18;1;0;1;2;0;3;2;4;2;2
sll1464;1;0;11;0;0;1;2;0;2;1;1;0;1
sll1466;1;0;12;0;0;0;0;0;0;1;0;1;1
sll1470;1;0;12;1;1;0;0;1;1;1;1;1;0
sll1471;1;0;11;0;1;0;0;0;1;1;1;1;1
sll1473;1;0;8;0;0;0;1;0;0;0;0;0;0
sll1475;1;0;8;0;0;1;0;0;0;0;1;1;1
sll1477;1;0;12;1;2;0;0;0;1;1;0;1;1
sll1479;1;0;4;0;0;0;0;0;0;0;0;0;1
sll1481;1;0;15;1;0;0;2;0;0;1;0;1;1
sll1482;1;0;9;1;0;1;0;0;1;0;1;1;2
sll1484;1;0;11;0;0;0;2;0;0;2;1;0;0
sll1491;1;0;7;0;0;0;0;0;1;1;2;0;0
sll1495;1;0;7;0;1;1;1;0;1;0;1;1;0
sll1496;1;0;11;1;1;1;2;1;2;2;1;2;2
sll1499;1;0;39;2;1;2;2;2;3;3;2;3;2
sll1501;1;0;8;0;0;0;0;0;0;1;1;1;0
sll1502;1;0;42;1;2;2;1;1;2;2;1;2;2
sll1503;1;0;19;3;1;3;2;2;3;3;1;4;1
sll1505;1;0;6;0;0;0;0;0;2;0;0;0;0
sll1508;1;0;7;1;0;2;1;0;0;1;0;0;0
sll1510;1;0;3;0;0;0;0;0;0;0;0;1;0
sll1512;1;0;5;0;0;0;0;0;0;1;0;0;0
sll1514;1;0;8;0;0;0;1;0;0;0;1;1;0
sll1515;1;0;5;0;0;0;0;0;2;0;1;0;2
sll1516;1;0;15;1;1;0;0;0;1;3;0;1;1
sll1520;1;0;15;1;1;1;1;0;1;1;0;0;1
sll1521;1;0;18;2;1;1;1;0;1;2;2;2;3
sll1522;1;0;3;0;0;0;0;0;0;0;0;0;1
sll1524;1;0;6;3;1;3;4;0;1;0;1;0;0
sll1525;1;0;10;0;0;0;0;0;4;2;5;4;2
sll1526;1;0;14;0;1;1;2;1;2;2;2;2;2
sll1527;1;0;19;1;1;2;2;0;2;1;1;2;1
sll1528;1;0;32;3;2;3;5;1;2;2;3;3;3
sll1530;1;0;12;0;0;1;0;0;2;1;0;2;2
sll1531;1;0;9;1;0;0;2;0;0;0;0;1;0
sll1532;1;0;3;0;0;0;0;0;0;1;1;0;0
sll1533;1;0;14;1;1;1;0;1;2;0;1;1;0
sll1534;1;0;11;1;0;0;0;0;2;2;1;2;1
sll1535;1;0;5;0;0;0;0;0;1;1;0;0;0
sll1536;1;0;15;1;0;0;2;0;4;5;4;3;1
sll1537;1;0;4;0;0;0;0;0;0;0;0;0;2
sll1538;1;0;6;0;0;0;0;0;0;0;0;1;0
sll1541;1;0;15;1;1;0;0;1;1;3;1;1;2
sll1542;1;0;5;0;0;0;0;0;0;1;0;0;0
sll1543;1;0;4;0;0;0;1;0;0;0;0;0;0
sll1544;1;0;6;0;0;0;0;0;0;0;0;1;0
sll1545;1;0;8;0;1;0;0;0;1;1;2;1;0
sll1546;1;0;15;1;0;1;1;1;2;1;3;2;3
sll1549;1;0;9;1;2;1;0;2;1;0;1;1;1
sll1550;1;0;10;2;1;0;0;0;2;2;0;4;0
sll1552;1;0;11;1;0;1;0;0;2;0;1;1;2
sll1553;1;0;17;1;1;1;0;0;2;2;2;2;3
sll1555;1;0;6;0;0;0;0;0;1;0;0;0;0
sll1556;1;0;7;0;0;2;0;0;0;0;0;1;1
sll1559;1;0;9;2;0;0;0;0;2;0;3;3;0
sll1561;1;0;34;1;2;2;2;1;2;2;2;2;3
sll1563;1;0;26;1;2;2;1;1;1;1;1;1;2
sll1564;1;0;16;0;2;2;1;2;0;1;0;1;1
sll1566;1;0;8;0;0;0;0;0;2;0;0;1;1
sll1568;1;0;7;0;0;0;0;0;1;0;1;1;2
sll1572;1;0;12;0;1;0;0;0;2;1;1;1;1
sll1573;1;0;3;0;0;0;0;0;0;0;0;1;0
sll1574;1;0;4;0;0;0;0;0;0;1;0;0;0
sll1575;1;0;12;0;0;0;0;0;0;1;1;1;1
sll1577;1;0;10;1;3;2;3;2;14;14;10;14;11
sll1578;1;0;10;1;3;2;2;1;9;6;7;9;7
sll1579;1;0;16;2;2;2;1;2;1;2;1;1;1
sll1580;1;0;9;1;0;0;0;1;1;1;1;1;1
sll1581;1;0;7;0;1;0;0;0;0;2;0;1;1
sll1582;1;0;39;2;2;5;1;1;3;3;2;3;3
sll1583;1;0;16;1;1;1;1;1;1;3;4;2;2
sll1584;1;0;3;0;0;0;0;0;1;1;1;0;0
sll1586;1;0;31;2;1;1;2;1;1;1;1;3;2
sll1590;1;0;14;1;0;0;0;0;1;0;2;1;1
sll1594;1;0;9;0;1;2;2;0;2;2;2;0;2
sll1595;1;0;12;0;1;1;1;0;0;1;1;2;1
sll1598;1;0;8;1;1;0;1;0;1;1;0;1;0
sll1599;1;0;6;0;1;0;0;0;1;0;1;2;0
sll1601;1;0;6;0;0;0;0;0;2;0;1;1;2
sll1606;1;0;6;1;0;1;0;0;0;0;0;0;0
sll1608;1;0;16;0;1;2;1;0;1;0;1;2;2
sll1612;1;0;11;0;1;0;1;0;2;2;1;0;1
sll1614;1;0;14;0;1;0;0;0;1;1;1;1;1
sll1615;1;0;14;0;0;1;0;0;1;2;1;1;1
sll1621;1;0;8;1;0;1;0;0;0;0;2;2;2
sll1623;1;0;4;0;0;0;0;0;1;0;0;0;0
sll1625;1;0;14;2;0;2;2;1;3;3;0;2;2
sll1626;1;0;7;0;0;0;0;0;4;5;8;7;6
sll1628;1;0;6;0;0;0;0;0;0;0;0;1;1
sll1629;1;0;12;1;1;1;0;0;1;1;1;2;0
sll1633;1;0;7;0;1;0;0;0;0;0;0;0;1
sll1634;1;0;11;1;1;0;0;0;1;2;3;4;2
sll1635;1;0;7;0;2;1;3;2;2;0;0;1;0
sll1638;1;0;4;0;1;0;0;0;0;0;0;0;0
sll1639;1;0;5;0;0;1;0;0;0;0;0;0;0
sll1641;1;0;13;1;0;0;0;0;1;1;0;0;0
sll1642;1;0;4;0;0;0;0;0;1;0;0;0;0
sll1643;1;0;6;0;1;0;0;0;0;0;0;0;0
sll1647;1;0;8;1;1;0;1;0;0;1;0;1;0
sll1653;1;0;7;0;0;0;0;0;1;2;0;0;1
sll1654;1;0;6;1;1;1;0;0;3;0;3;3;0
sll1659;1;0;6;0;0;0;0;0;0;1;0;1;0
sll1662;1;0;12;0;0;0;0;0;3;2;3;2;3
sll1663;1;0;5;0;0;0;0;0;0;1;0;0;0
sll1664;1;0;8;1;0;0;1;0;1;1;1;2;2
sll1666;1;0;5;0;0;0;0;0;0;1;0;1;1
sll1667;1;0;11;1;0;0;0;0;1;3;2;2;1
sll1669;1;0;7;0;0;1;0;0;0;1;0;0;0
sll1670;1;0;6;0;1;0;0;0;2;1;1;2;1
sll1672;1;0;20;1;1;1;1;0;2;4;1;2;2
sll1673;1;0;7;0;0;0;0;0;0;0;0;1;0
sll1676;1;0;8;0;1;0;1;0;2;2;2;2;2
sll1679;1;0;7;1;0;0;0;0;1;0;2;0;0
sll1680;1;0;7;0;0;0;0;0;2;1;0;0;0
sll1681;1;0;16;1;0;1;0;0;1;3;2;1;3
sll1682;1;0;8;2;0;1;0;0;1;1;0;1;0
sll1683;1;0;9;0;1;1;1;0;1;1;1;1;1
sll1685;1;0;7;0;0;0;0;0;0;0;0;1;0
sll1686;1;0;17;0;1;1;1;0;1;1;1;0;2
sll1687;1;0;33;2;2;1;2;2;1;2;2;1;1
sll1688;1;0;15;1;1;0;3;0;1;0;3;3;5
sll1689;1;0;8;0;0;0;0;1;0;0;1;1;0
sll1693;1;0;14;2;0;1;0;0;1;2;2;1;2
sll1696;1;0;10;0;0;0;0;0;2;0;1;1;2
sll1697;1;0;11;1;0;0;0;0;2;2;0;0;0
sll1699;1;0;19;1;2;1;1;1;2;2;1;1;2
sll1703;1;0;12;1;0;0;0;1;1;1;0;1;1
sll1712;1;0;5;1;1;1;1;0;0;1;0;3;3
sll1713;1;0;7;0;0;0;0;0;1;0;0;0;1
sll1715;1;0;3;0;0;0;1;0;0;0;0;0;0
sll1717;1;0;18;1;1;1;1;0;3;2;1;1;2
sll1721;1;0;13;3;5;1;2;3;2;3;3;4;4
sll1722;1;0;11;2;4;1;2;1;1;1;2;0;1
sll1723;1;0;12;2;1;1;1;0;1;0;1;1;2
sll1724;1;0;12;1;0;0;1;1;1;1;1;0;1
sll1725;1;0;14;1;0;1;1;0;1;2;1;1;0
sll1726;1;0;9;0;0;0;1;0;0;1;1;0;0
sll1730;1;0;11;1;0;2;2;0;1;0;0;1;1
sll1734;1;0;13;0;2;0;1;0;5;4;3;2;2
sll1735;1;0;4;0;0;0;0;0;0;0;0;1;0
sll1738;1;0;7;1;1;0;0;0;0;0;0;0;0
sll1739;1;0;9;0;1;0;0;0;1;0;1;1;0
sll1742;1;0;10;0;0;2;0;0;4;4;4;5;6
sll1743;1;0;5;0;0;0;1;0;0;0;0;0;0
sll1744;1;0;9;1;2;1;2;0;3;1;2;2;0
sll1746;1;0;6;0;1;0;0;0;0;0;0;3;2
sll1747;1;0;15;1;0;2;0;0;3;1;1;1;3
sll1750;1;0;8;0;0;1;0;0;2;2;1;1;1
sll1752;1;0;9;0;1;1;0;0;0;0;0;1;2
sll1757;1;0;5;0;1;0;0;0;0;0;0;0;0
sll1758;1;0;9;1;0;0;0;0;0;0;0;1;0
sll1760;1;0;5;0;0;0;0;0;0;0;2;0;0
sll1761;1;0;9;0;0;0;1;0;1;0;1;0;1
sll1762;1;0;9;0;2;0;1;0;2;3;1;2;3
sll1765;1;0;5;0;0;0;0;0;0;0;0;2;1
sll1766;1;0;8;0;0;0;0;0;1;1;1;0;0
sll1770;1;0;17;1;1;0;1;1;2;2;3;2;2
sll1771;1;0;8;0;1;0;1;0;1;0;1;0;2
sll1772;1;0;11;0;0;0;0;0;2;1;1;1;2
sll1775;1;0;21;2;2;1;2;1;4;3;2;2;3
sll1776;1;0;8;0;1;1;0;0;2;1;2;1;2
sll1784;1;0;5;0;0;0;0;0;0;0;1;2;0
sll1785;1;0;9;1;0;0;0;0;0;3;2;2;2
sll1786;1;0;6;0;0;0;0;0;1;0;0;0;0
sll1787;1;0;32;2;1;1;1;2;2;2;2;3;3
sll1789;1;0;40;3;2;2;2;2;4;4;4;3;4
sll1797;1;0;8;0;0;1;1;0;1;2;1;1;0
sll1801;1;0;5;0;0;0;0;0;0;0;0;1;0
sll1802;1;0;10;1;0;0;2;1;1;1;3;3;2
sll1804;1;0;7;0;1;0;0;1;0;1;0;0;0
sll1806;1;0;7;1;0;1;0;1;1;1;1;2;2
sll1808;1;0;13;2;1;1;1;0;1;2;4;4;2
sll1810;1;0;6;0;1;0;1;0;0;0;2;0;0
sll1812;1;0;6;1;1;0;1;0;0;0;0;0;0
sll1813;1;0;4;0;0;0;0;0;0;0;1;0;0
sll1815;1;0;7;0;0;0;0;0;2;1;1;0;3
sll1817;1;0;7;0;0;0;0;0;3;3;3;1;2
sll1818;1;0;9;0;0;0;1;0;0;0;2;0;0
sll1820;1;0;8;0;0;0;0;0;2;1;1;1;0
sll1822;1;0;6;0;0;0;0;0;0;1;0;0;0
sll1823;1;0;18;2;1;1;1;0;3;2;2;2;3
sll1830;1;0;6;0;0;0;0;0;0;0;0;0;1
sll1831;1;0;12;1;3;1;2;0;5;2;4;3;2
sll1833;1;0;18;0;1;1;2;2;2;2;1;2;1
sll1835;1;0;6;2;1;2;1;0;1;0;0;0;1
sll1841;1;0;8;0;0;0;0;0;2;2;1;2;3
sll1848;1;0;5;0;0;0;0;0;1;0;0;0;0
sll1849;1;0;10;1;0;1;1;0;1;0;0;0;1
sll1854;1;0;8;0;0;1;0;0;0;0;0;0;1
sll1858;1;0;12;0;0;0;0;0;1;0;1;1;0
sll1863;1;0;5;1;0;0;0;0;0;0;1;0;0
sll1864;1;0;15;1;0;1;1;0;1;1;1;1;1
sll1865;1;0;9;0;0;0;0;0;0;1;1;0;0
sll1868;1;0;18;2;0;3;1;0;2;1;1;1;1
sll1869;1;0;9;0;0;1;0;0;1;1;1;1;0
sll1870;1;0;8;0;0;0;0;0;1;0;0;0;0
sll1871;1;0;20;1;0;1;2;1;2;1;2;1;1
sll1872;1;0;14;1;1;2;0;0;2;1;1;1;1
sll1873;1;0;3;0;0;0;0;0;0;1;0;0;0
sll1874;1;0;13;1;0;1;1;0;2;2;1;1;0
sll1875;1;0;8;0;0;0;0;0;2;1;1;1;1
sll1876;1;0;14;1;1;1;1;0;1;0;0;2;1
sll1878;1;0;10;0;0;0;0;0;2;0;0;1;0
sll1879;1;0;14;0;1;1;1;1;1;1;1;1;2
sll1882;1;0;7;0;2;0;1;1;1;0;1;2;2
sll1883;1;0;13;1;0;0;2;1;2;2;0;1;0
sll1884;1;0;4;0;0;0;0;0;0;1;0;0;0
sll1888;1;0;8;1;0;0;0;0;0;2;1;3;2
sll1893;1;0;5;0;0;0;0;0;2;2;1;2;0
sll1894;1;0;11;0;0;0;0;0;2;3;2;2;3
sll1895;1;0;17;1;1;1;0;0;1;1;0;1;1
sll1897;1;0;5;1;0;0;0;0;0;0;0;0;0
sll1900;1;0;4;0;0;0;0;0;0;0;1;0;0
sll1902;1;0;14;1;0;1;0;0;1;1;1;1;1
sll1905;1;0;19;1;2;0;0;1;1;1;1;2;2
sll1908;1;0;16;1;1;0;1;1;3;3;4;5;4
sll1910;1;0;18;2;3;0;3;1;1;2;1;1;2
sll1911;1;0;4;0;0;0;0;0;0;1;0;0;0
sll1913;1;0;14;1;1;0;1;0;0;3;1;2;2
sll1917;1;0;9;1;0;0;0;0;2;2;3;3;1
sll1921;1;0;5;0;0;0;0;0;0;1;0;0;0
sll1924;1;0;9;0;1;2;0;0;0;1;1;2;2
sll1925;1;0;5;0;0;0;0;0;2;1;0;0;0
sll1927;1;0;15;0;0;1;1;0;1;1;1;1;1
sll1929;1;0;11;2;1;1;0;0;1;2;1;1;0
sll1931;1;0;12;0;2;1;1;0;2;2;1;3;1
sll1932;1;0;19;1;2;1;1;3;3;3;2;3;5
sll1933;1;0;13;0;1;1;1;1;1;1;2;1;0
sll1934;1;0;7;2;0;1;0;1;0;2;1;1;2
sll1939;1;0;9;0;0;0;0;0;1;1;1;0;0
sll1940;1;0;4;0;0;0;0;0;1;0;0;2;0
sll1941;1;0;17;1;1;1;1;0;1;1;1;2;1
sll1942;1;0;5;0;3;0;0;0;1;2;0;1;1
sll1945;1;0;17;2;2;1;1;0;1;1;2;2;2
sll1946;1;0;12;0;1;0;0;0;0;1;2;0;1
sll1949;1;0;6;0;1;0;1;0;0;0;0;0;0
sll1950;1;0;7;0;0;0;0;0;1;2;0;0;1
sll1951;1;0;8;0;0;0;0;0;0;1;1;0;0
sll1958;1;0;12;1;2;1;1;0;2;2;2;1;4
sll1959;1;0;6;0;0;0;1;0;1;0;0;0;0
sll1961;1;0;9;0;0;0;1;0;1;2;2;2;1
sll1967;1;0;8;1;0;1;0;0;1;0;0;1;0
sll1968;1;0;7;0;1;0;0;0;0;0;0;0;1
sll1971;1;0;12;1;1;0;0;0;3;1;1;2;2
sll1981;1;0;13;0;1;0;1;0;2;1;2;1;1
sll1982;1;0;6;1;0;0;0;0;1;0;0;1;0
sll1987;1;0;21;0;4;2;1;3;2;3;3;1;1
sll1988;1;0;9;0;0;2;0;0;1;3;3;2;2
sll1994;1;0;6;0;0;2;0;0;2;4;3;4;4
sll1995;1;0;7;0;0;1;0;0;1;0;0;0;0
sll2001;1;0;12;0;0;0;1;0;1;1;1;2;1
sll2002;1;0;8;0;0;0;0;0;0;1;0;1;0
sll2005;1;0;36;2;1;1;1;1;2;2;3;2;2
sll2008;1;0;8;1;0;0;0;0;1;2;1;0;0
sll2009;1;0;9;1;1;1;0;0;1;0;1;0;1
sll2010;1;0;11;0;0;0;0;0;1;2;2;2;0
sll2012;1;0;6;0;0;0;0;1;0;0;0;0;0
sll2014;1;0;11;4;0;2;0;0;1;0;0;1;1
sll2015;1;0;6;1;2;0;1;1;0;0;0;0;1
sll5002;1;0;5;0;0;0;0;0;0;0;1;0;0
sll5014;1;0;9;1;0;1;0;0;0;0;0;0;0
sll5026;1;0;26;0;1;1;0;1;2;1;2;1;1
sll5030;1;0;9;0;0;0;1;0;1;0;0;1;0
sll5033;1;0;4;0;0;0;0;0;0;1;0;0;0
sll5034;1;0;8;1;0;0;2;0;2;0;2;1;1
sll5042;1;0;9;1;0;1;0;0;0;1;0;0;0
sll5043;1;0;9;1;1;0;0;0;2;1;1;2;2
sll5046;1;0;6;0;1;0;0;0;0;0;0;0;0
sll5047;1;0;4;1;0;0;0;0;0;0;0;0;0
sll5048;1;0;9;0;0;0;0;0;2;1;1;1;1
sll5049;1;0;4;0;0;0;0;0;0;1;1;0;0
sll5052;1;0;15;1;0;2;0;0;0;1;0;1;1
sll5057;1;0;8;0;0;0;0;0;0;0;1;0;0
sll5059;1;0;7;0;0;1;0;0;0;1;0;0;0
sll5060;1;0;37;2;1;2;2;1;1;2;1;1;3
sll5062;1;0;4;0;0;2;0;0;0;0;0;0;0
sll5069;1;0;7;0;0;1;0;0;0;1;0;0;1
sll5076;1;0;5;0;0;0;1;0;0;0;0;0;0
sll5080;1;0;7;1;0;1;1;0;1;0;0;0;0
sll5081;1;0;5;0;0;0;0;0;0;0;0;0;1
sll5083;1;0;18;2;1;2;2;1;1;1;2;1;2
sll5086;1;0;5;0;0;0;0;0;1;0;0;0;0
sll5089;1;0;5;0;0;0;0;0;0;0;2;0;1
sll5097;1;0;8;1;0;0;0;0;1;0;0;1;0
sll5109;1;0;7;0;0;0;1;0;1;1;0;0;0
sll5122;1;0;13;0;0;0;1;0;1;1;1;1;1
sll5123;1;0;3;0;0;0;0;0;0;0;1;1;0
sll5128;1;0;3;0;0;0;0;0;0;0;0;1;1
sll5132;1;0;18;1;0;1;2;1;2;1;2;1;2
sll6052;1;0;4;0;1;0;0;0;0;0;0;0;0
sll6053;1;0;17;0;1;0;0;0;2;0;1;1;1
sll6093;1;0;7;0;1;0;0;1;0;0;0;1;1
sll6098;1;0;5;0;0;0;0;0;3;0;2;0;0
sll7009;1;0;8;0;1;0;0;0;1;2;1;1;1
sll7027;1;0;5;0;0;0;1;1;0;1;0;0;0
sll7028;1;0;9;1;0;1;0;0;0;0;1;0;0
sll7029;1;0;9;0;0;0;0;0;1;0;0;2;1
sll7030;1;0;4;0;0;0;0;0;0;0;1;0;0
sll7043;1;0;6;0;0;0;0;0;1;1;1;0;0
sll7047;1;0;3;0;0;0;0;1;0;0;0;0;0
sll7050;1;0;6;0;1;0;0;0;0;0;1;0;1
sll7055;1;0;3;0;0;0;0;0;0;2;0;0;0
sll7062;1;0;7;1;0;1;0;0;0;0;0;0;1
sll7063;1;0;27;1;2;2;0;1;3;4;3;2;2
sll7064;1;0;7;0;1;1;1;0;0;0;0;0;0
sll7065;1;0;12;2;0;1;1;0;1;1;2;1;0
sll7066;1;0;18;1;0;0;0;1;4;3;3;4;2
sll7067;1;0;15;1;1;1;0;0;2;1;2;1;2
sll7075;1;0;8;0;0;0;0;0;0;0;0;0;1
sll7078;1;0;9;1;0;0;1;0;1;1;2;1;2
sll7085;1;0;21;0;1;0;1;1;2;1;1;2;2
sll7086;1;0;6;0;0;0;0;0;1;0;0;0;0
sll7087;1;0;7;0;1;0;0;1;0;2;0;0;0
sll7089;1;0;14;1;0;0;1;0;1;0;2;1;0
sll7090;1;0;27;1;2;3;2;1;2;3;3;3;2
sll7106;1;0;10;0;0;0;0;0;0;0;1;0;0
sll8001;1;0;13;1;1;0;2;0;1;1;0;0;1
sll8002;1;0;7;0;0;2;0;0;0;1;2;1;0
sll8004;1;0;6;0;1;0;0;0;0;0;1;0;0
sll8006;1;0;13;1;1;1;1;0;0;1;1;0;1
sll8009;1;0;10;2;0;0;0;0;2;1;1;2;2
sll8012;1;0;7;0;1;0;2;0;0;0;3;1;1
sll8017;1;0;5;0;1;1;0;0;0;0;0;0;0
sll8018;1;0;13;1;1;0;0;0;0;0;0;0;1
sll8019;1;0;8;0;0;1;1;0;0;0;0;0;0
sll8020;1;0;9;0;0;1;0;0;0;0;0;0;1
sll8034;1;0;9;0;0;1;0;0;0;0;2;0;0
sll8035;1;0;5;0;0;0;0;0;0;0;0;0;1
sll8040;1;0;10;2;0;0;2;0;1;0;1;0;0
sll8048;1;0;7;1;0;0;0;0;0;1;1;0;0
sll8049;1;0;30;2;1;0;1;1;3;2;2;2;2
slr0008;1;0;6;0;0;1;0;0;0;0;0;0;0
slr0009;1;0;17;1;4;2;3;0;15;14;11;13;12
slr0012;1;0;5;0;0;0;1;0;0;0;0;0;1
slr0013;1;0;6;0;0;0;0;0;1;0;1;1;0
slr0015;1;0;9;0;0;0;0;0;2;1;1;2;1
slr0017;1;0;11;0;0;0;0;0;0;2;1;2;1
slr0018;1;0;10;1;0;0;1;0;0;2;1;3;2
slr0019;1;0;17;1;0;1;0;0;1;1;0;0;1
slr0020;1;0;23;0;1;1;0;0;1;1;2;1;1
slr0021;1;0;12;0;1;1;0;0;1;0;0;2;1
slr0031;1;0;10;0;1;0;0;0;1;0;1;1;0
slr0032;1;0;14;1;0;0;2;0;2;2;2;2;2
slr0036;1;0;10;0;1;0;0;0;1;0;0;2;1
slr0038;1;0;5;0;0;0;0;0;0;0;0;0;1
slr0039;1;0;7;0;0;0;0;0;1;0;1;1;0
slr0040;1;0;14;0;1;1;1;0;1;1;1;1;1
slr0042;1;0;6;0;0;0;0;0;1;1;1;0;0
slr0043;1;0;25;1;1;0;1;0;2;2;2;1;3
slr0044;1;0;7;0;0;0;0;0;1;1;2;2;0
slr0049;1;0;9;0;0;0;0;0;2;1;2;1;0
slr0050;1;0;9;1;0;0;0;0;1;0;1;2;1
slr0051;1;0;4;0;0;0;0;0;0;0;0;1;0
slr0056;1;0;5;0;0;0;1;0;0;0;0;0;0
slr0058;1;0;6;0;2;2;0;0;2;0;1;2;0
slr0060;1;0;14;2;2;2;2;2;1;1;1;2;1
slr0063;1;0;19;3;3;3;2;1;2;2;3;2;2
slr0064;1;0;8;0;0;0;0;0;0;1;0;1;1
slr0065;1;0;7;1;0;1;0;0;2;1;1;0;1
slr0066;1;0;11;0;0;0;0;0;1;0;0;0;0
slr0067;1;0;8;1;0;0;0;0;0;0;0;0;1
slr0069;1;0;6;0;0;0;0;0;1;0;0;1;0
slr0070;1;0;9;0;0;0;0;0;0;1;1;2;1
slr0072;1;0;10;0;0;1;1;0;1;1;0;0;3
slr0073;1;0;9;0;0;0;1;2;1;1;1;1;0
slr0074;1;0;15;2;0;1;2;1;1;1;2;3;2
slr0075;1;0;8;1;1;2;1;0;0;1;1;1;0
slr0076;1;0;10;0;0;0;0;0;0;0;2;1;2
slr0077;1;0;10;1;1;1;2;0;0;0;0;1;0
slr0079;1;0;19;1;1;2;1;0;2;1;1;1;1
slr0080;1;0;7;0;0;1;0;0;0;0;0;0;0
slr0081;1;0;7;0;0;0;0;0;0;2;0;0;0
slr0082;1;0;6;1;0;0;0;0;2;1;1;1;1
slr0083;1;0;18;2;2;1;2;0;2;1;2;1;0
slr0086;1;0;15;0;0;0;2;2;2;1;1;1;1
slr0088;1;0;11;0;1;0;0;0;2;0;2;0;3
slr0089;1;0;5;0;0;0;0;0;0;1;0;0;0
slr0091;1;0;11;0;0;1;0;0;1;1;1;0;3
slr0093;1;0;6;0;0;0;0;1;0;0;0;0;0
slr0096;1;0;5;0;0;0;0;0;1;0;0;0;1
slr0103;1;0;3;0;0;0;0;0;0;1;0;0;1
slr0104;1;0;19;0;0;0;0;0;1;1;1;1;1
slr0105;1;0;15;0;0;0;0;2;1;0;0;0;1
slr0106;1;0;10;1;1;1;1;0;0;2;1;0;1
slr0109;1;0;11;0;1;0;0;0;0;2;1;1;1
slr0110;1;0;5;0;0;0;0;0;1;0;2;0;0
slr0114;1;0;5;0;0;0;0;0;0;0;0;0;1
slr0115;1;0;7;0;0;0;2;0;2;0;1;2;0
slr0118;1;0;11;0;0;1;0;1;1;2;1;1;0
slr0121;1;0;7;0;0;0;0;0;0;0;0;2;1
slr0143;1;0;21;2;1;1;1;1;2;1;2;2;2
slr0147;1;0;7;0;2;2;2;0;2;1;2;1;1
slr0148;1;0;6;0;0;0;0;0;0;1;0;1;0
slr0149;1;0;11;1;2;3;1;0;1;0;2;1;1
slr0152;1;0;11;0;1;0;0;0;1;1;0;1;0
slr0156;1;0;33;2;2;3;3;1;2;2;2;2;2
slr0157;1;0;8;0;0;0;0;0;1;1;0;1;0
slr0161;1;0;13;0;0;0;1;0;0;1;1;1;1
slr0162;1;0;6;0;1;0;0;0;0;0;1;1;0
slr0163;1;0;8;0;0;0;0;0;0;0;2;0;1
slr0164;1;0;7;1;0;0;0;0;1;0;0;0;0
slr0165;1;0;8;2;0;2;2;0;1;0;0;0;1
slr0168;1;0;6;0;0;0;0;0;0;1;0;1;0
slr0172;1;0;4;0;0;0;1;0;0;0;0;0;0
slr0179;1;0;7;1;0;0;1;0;1;0;1;1;0
slr0184;1;0;5;0;0;0;1;0;0;1;1;0;0
slr0185;1;0;6;0;0;0;0;0;1;0;0;1;2
slr0186;1;0;20;1;1;1;1;0;3;2;2;1;2
slr0191;1;0;16;1;0;1;0;1;2;2;2;2;3
slr0194;1;0;6;0;0;0;0;0;2;3;3;3;3
slr0195;1;0;7;1;1;0;0;1;0;2;2;2;1
slr0197;1;0;10;2;2;2;1;0;0;0;0;1;1
slr0199;1;0;7;0;0;0;0;0;0;1;2;2;0
slr0201;1;0;6;0;0;0;0;0;0;0;1;1;0
slr0207;1;0;17;1;0;1;0;0;1;1;1;1;1
slr0208;1;0;9;1;0;1;1;0;1;2;0;1;1
slr0209;1;0;12;0;0;0;0;0;1;1;1;1;1
slr0210;1;0;8;0;0;0;0;0;1;1;1;0;0
slr0211;1;0;8;0;0;0;0;1;1;0;0;1;1
slr0212;1;0;24;1;1;1;1;4;2;2;2;1;1
slr0213;1;0;12;1;1;2;0;1;2;1;2;1;0
slr0214;1;0;12;1;1;2;0;0;1;2;1;1;0
slr0220;1;0;20;2;2;3;3;1;3;3;4;4;3
slr0222;1;0;30;2;1;1;2;2;3;2;2;2;2
slr0228;1;0;19;1;2;1;1;1;2;3;2;2;2
slr0229;1;0;3;0;0;0;0;0;1;0;0;1;0
slr0231;1;0;8;0;1;0;0;0;1;1;1;0;0
slr0237;1;0;17;1;2;2;2;2;2;2;1;2;1
slr0238;1;0;4;0;0;0;0;0;0;1;1;0;0
slr0239;1;0;4;0;0;0;0;0;1;1;0;0;2
slr0240;1;0;4;1;0;0;1;0;0;0;0;0;0
slr0242;1;0;6;0;0;0;0;0;0;0;0;0;2
slr0244;1;0;7;0;0;0;0;0;1;0;0;1;0
slr0250;1;0;6;0;0;0;0;0;0;0;0;0;1
slr0251;1;0;4;0;0;0;0;0;1;0;0;0;0
slr0257;1;0;15;0;1;2;1;1;1;1;2;2;2
slr0260;1;0;8;0;0;1;0;0;0;0;0;0;0
slr0261;1;0;16;0;0;0;0;0;3;3;2;2;2
slr0267;1;0;9;0;0;0;0;0;0;2;0;0;1
slr0270;1;0;4;0;0;1;0;0;0;0;0;0;0
slr0272;1;0;5;0;0;0;0;0;1;0;0;1;0
slr0280;1;0;18;0;1;0;0;1;1;1;0;1;0
slr0285;1;0;7;0;0;0;0;0;1;0;0;0;0
slr0286;1;0;14;2;1;2;2;2;1;1;0;1;3
slr0288;1;0;17;0;1;1;1;0;5;1;2;2;3
slr0292;1;0;8;0;1;0;0;0;0;0;0;1;0
slr0293;1;0;20;1;2;0;1;1;1;1;2;2;2
slr0294;1;0;5;0;0;0;0;0;0;0;1;0;0
slr0299;1;0;5;0;0;0;0;0;2;0;0;1;1
slr0301;1;0;22;1;0;1;1;0;2;2;2;2;1
slr0302;1;0;20;1;1;1;0;1;2;2;1;1;1
slr0303;1;0;10;0;0;0;0;0;1;1;1;1;0
slr0304;1;0;9;1;0;0;1;0;1;0;1;1;2
slr0306;1;0;10;0;0;0;0;0;0;0;1;1;1
slr0309;1;0;7;0;0;0;0;0;0;1;0;0;0
slr0311;1;0;21;3;1;2;0;2;2;3;2;2;3
slr0313;1;0;3;0;0;0;0;1;0;0;0;0;0
slr0314;1;0;5;0;1;0;0;0;0;0;0;0;0
slr0315;1;0;9;1;0;0;1;0;1;3;1;2;0
slr0316;1;0;3;0;0;0;0;0;0;0;0;0;1
slr0317;1;0;5;0;0;0;0;0;0;0;0;1;0
slr0318;1;0;5;0;0;0;0;0;1;0;1;0;0
slr0319;1;0;10;2;1;1;1;0;0;0;0;0;0
slr0320;1;0;12;0;1;3;1;1;0;1;1;0;1
slr0321;1;0;15;0;1;0;1;0;3;2;2;2;1
slr0322;1;0;39;3;1;1;1;1;3;2;3;2;1
slr0323;1;0;19;0;1;0;0;0;2;1;1;2;1
slr0326;1;0;6;0;0;1;0;0;0;1;1;0;1
slr0327;1;0;10;0;0;0;1;0;0;1;0;0;0
slr0328;1;0;5;0;0;0;0;0;0;0;0;1;0
slr0329;1;0;9;0;0;0;1;0;1;2;1;0;1
slr0335;1;0;35;3;3;4;2;2;3;5;5;5;6
slr0337;1;0;14;0;0;1;0;0;2;2;2;2;1
slr0338;1;0;11;1;2;0;1;1;1;1;1;1;1
slr0341;1;0;7;0;0;0;0;0;1;1;0;2;1
slr0342;1;0;5;0;2;2;0;0;0;0;0;0;0
slr0344;1;0;13;2;1;2;2;0;2;1;1;1;1
slr0346;1;0;9;0;0;1;0;0;1;0;0;1;1
slr0348;1;0;12;0;0;1;1;0;0;0;3;1;1
slr0355;1;0;7;0;1;0;0;0;2;0;2;1;2
slr0357;1;0;14;1;0;0;1;0;2;1;1;2;1
slr0358;1;0;12;0;0;0;0;0;1;1;2;1;1
slr0359;1;0;25;2;1;1;1;1;2;2;2;2;1
slr0361;1;0;7;1;0;0;0;0;0;0;0;0;1
slr0362;1;0;6;0;0;0;1;0;0;0;0;1;1
slr0363;1;0;6;0;0;0;0;0;0;0;1;0;0
slr0364;1;0;9;0;0;0;0;0;1;1;0;1;0
slr0366;1;0;6;0;0;2;0;0;0;0;0;0;0
slr0368;1;0;4;3;0;0;1;0;0;0;0;0;0
slr0369;1;0;15;3;2;2;0;1;1;3;2;1;2
slr0370;1;0;6;0;1;0;0;0;2;1;1;1;1
slr0373;1;0;5;0;0;0;1;0;1;0;0;0;0
slr0374;1;0;22;1;0;1;0;0;2;3;1;1;1
slr0377;1;0;5;0;1;0;0;0;1;0;0;0;0
slr0378;1;0;11;1;1;0;0;0;1;1;1;0;1
slr0379;1;0;9;0;0;0;0;0;1;2;2;0;2
slr0380;1;0;9;0;0;0;0;0;3;1;3;1;4
slr0384;1;0;10;1;0;0;0;0;0;1;2;2;1
slr0386;1;0;11;1;2;0;1;1;0;1;1;0;0
slr0387;1;0;8;0;0;0;0;0;1;0;0;0;1
slr0388;1;0;9;0;0;0;2;1;1;0;0;2;2
slr0394;1;0;12;2;0;0;1;0;9;7;7;6;6
slr0395;1;0;9;0;0;0;0;0;0;0;1;0;3
slr0399;1;0;10;0;1;0;0;1;1;0;0;0;0
slr0400;1;0;3;0;0;0;0;0;0;0;2;2;0
slr0401;1;0;15;0;1;1;2;1;1;0;1;1;1
slr0402;1;0;7;1;0;0;0;0;0;0;0;0;0
slr0404;1;0;7;1;1;0;0;0;0;0;0;0;1
slr0406;1;0;8;1;0;1;1;0;0;1;0;0;0
slr0407;1;0;6;0;0;0;0;0;2;2;3;2;2
slr0408;1;0;26;1;0;1;1;0;2;2;1;3;2
slr0415;1;0;16;1;1;0;1;0;2;1;2;1;1
slr0416;1;0;6;0;0;0;0;0;1;0;0;0;2
slr0417;1;0;28;2;2;1;1;1;1;2;2;2;2
slr0418;1;0;5;0;0;0;0;0;1;1;0;0;1
slr0420;1;0;8;0;1;1;1;0;0;2;1;2;1
slr0421;1;0;7;0;0;1;1;0;1;1;0;2;1
slr0423;1;0;10;0;0;1;1;0;0;1;1;0;0
slr0426;1;0;8;0;0;0;0;0;0;0;0;0;1
slr0427;1;0;7;0;0;0;0;0;0;1;0;0;1
slr0431;1;0;5;0;0;0;0;0;2;0;0;2;0
slr0434;1;0;4;1;0;0;0;0;0;0;0;0;0
slr0435;1;0;5;0;0;0;0;0;0;0;0;1;0
slr0436;1;0;10;0;0;0;0;0;3;2;1;1;1
slr0439;1;0;17;1;0;1;2;1;2;2;2;2;1
slr0440;1;0;6;0;0;0;0;0;0;0;1;0;0
slr0442;1;0;15;1;1;1;0;0;2;2;1;1;0
slr0443;1;0;3;0;0;0;0;0;3;0;0;0;0
slr0444;1;0;13;1;1;1;2;0;0;1;0;2;3
slr0445;1;0;5;0;0;0;0;0;0;1;0;0;0
slr0446;1;0;9;0;0;1;1;1;0;1;0;1;1
slr0447;1;0;7;1;1;0;2;1;0;0;1;1;0
slr0448;1;0;12;1;0;0;1;1;0;0;0;1;0
slr0449;1;0;7;0;0;0;0;0;0;0;0;1;0
slr0451;1;0;12;1;0;0;2;1;0;0;1;1;1
slr0452;1;0;17;1;1;1;0;1;1;1;0;1;0
slr0453;1;0;28;1;0;2;1;1;1;2;2;1;2
slr0454;1;0;12;0;1;0;0;0;1;2;0;0;1
slr0457;1;0;7;0;0;0;0;1;2;1;1;0;0
slr0459;1;0;16;0;1;0;1;2;0;1;1;1;0
slr0467;1;0;4;0;0;0;0;0;1;1;0;0;0
slr0468;1;0;18;2;1;0;0;0;1;3;1;2;2
slr0469;1;0;4;0;0;0;0;0;0;0;0;1;0
slr0473;1;0;12;0;1;0;0;0;0;0;1;2;1
slr0477;1;0;7;0;0;0;0;0;0;3;2;2;1
slr0479;1;0;7;0;0;1;0;0;1;1;0;0;0
slr0480;1;0;20;3;1;0;2;0;2;2;1;2;1
slr0484;1;0;19;2;1;1;1;0;3;4;6;2;5
slr0489;1;0;5;0;0;0;1;0;0;0;0;0;0
slr0491;1;0;3;0;0;0;0;0;0;0;0;0;2
slr0492;1;0;7;0;0;0;0;0;2;0;2;2;1
slr0495;1;0;5;0;0;0;0;0;0;0;0;0;1
slr0496;1;0;4;0;0;0;0;0;0;0;1;1;0
slr0502;1;0;9;1;0;2;0;0;1;1;2;1;2
slr0503;1;0;7;0;0;0;0;0;0;0;0;1;0
slr0505;1;0;7;0;1;0;0;0;0;0;1;1;1
slr0506;1;0;12;2;1;2;1;0;0;2;0;2;3
slr0510;1;0;11;1;0;0;0;0;2;0;1;1;1
slr0513;1;0;14;2;1;1;1;2;1;2;2;1;0
slr0514;1;0;13;1;2;2;2;1;1;2;1;2;1
slr0516;1;0;4;0;0;0;0;0;0;0;0;1;2
slr0518;1;0;8;1;0;0;1;0;1;1;0;0;0
slr0520;1;0;7;0;0;0;0;0;2;1;2;0;0
slr0522;1;0;14;0;0;1;1;0;1;1;1;0;1
slr0523;1;0;4;0;0;0;0;0;0;0;1;0;0
slr0525;1;0;7;0;0;0;0;0;0;0;0;1;0
slr0526;1;0;5;0;0;2;1;0;0;0;0;0;0
slr0527;1;0;6;0;0;0;1;0;1;1;1;0;0
slr0528;1;0;10;0;0;0;0;0;1;0;2;1;1
slr0529;1;0;7;0;0;0;0;0;1;0;2;0;0
slr0533;1;0;12;0;1;0;1;1;2;1;0;0;2
slr0534;1;0;27;1;1;2;1;1;2;2;2;1;2
slr0535;1;0;13;0;0;0;1;0;1;0;0;1;0
slr0536;1;0;9;0;1;1;2;1;3;2;2;2;2
slr0537;1;0;9;1;1;2;2;0;0;0;0;0;0
slr0542;1;0;5;1;0;0;0;0;0;2;0;0;0
slr0543;1;0;16;2;0;2;0;0;1;2;2;2;2
slr0545;1;0;6;0;0;0;0;0;3;2;1;1;3
slr0546;1;0;13;0;0;0;1;0;2;0;1;2;3
slr0549;1;0;9;2;1;0;1;0;0;0;0;0;1
slr0550;1;0;7;0;0;0;0;0;0;1;1;1;0
slr0551;1;0;22;2;2;2;2;1;2;1;3;4;2
slr0552;1;0;9;0;2;0;0;0;2;4;4;2;4
slr0553;1;0;8;1;0;2;1;0;3;2;2;2;4
slr0554;1;0;26;1;2;1;1;1;1;2;0;2;1
slr0557;1;0;27;1;2;1;1;2;3;3;2;2;2
slr0559;1;0;10;0;0;0;0;0;1;0;0;1;1
slr0565;1;0;5;0;0;0;0;0;2;3;0;2;1
slr0569;1;0;14;1;1;1;0;0;0;1;0;1;0
slr0572;1;0;9;1;1;0;0;1;2;1;0;0;0
slr0574;1;0;10;0;0;0;0;0;2;1;1;1;1
slr0580;1;0;7;0;0;0;0;0;1;2;1;0;2
slr0581;1;0;4;0;0;0;0;0;1;0;0;0;0
slr0583;1;0;5;0;0;0;0;0;2;2;1;2;0
slr0585;1;0;16;2;2;0;0;2;2;3;3;2;4
slr0586;1;0;10;0;0;1;0;0;1;2;3;2;1
slr0591;1;0;12;1;1;1;0;1;1;0;1;2;1
slr0593;1;0;7;0;0;0;0;0;2;0;0;0;0
slr0594;1;0;7;2;0;1;2;0;0;0;1;1;0
slr0596;1;0;7;0;0;0;0;0;1;2;1;1;0
slr0597;1;0;14;0;2;1;0;0;2;1;2;1;3
slr0599;1;0;8;0;0;0;0;0;1;0;1;1;1
slr0600;1;0;9;2;1;1;0;1;2;3;2;1;1
slr0603;1;0;35;3;3;2;3;2;2;2;1;1;2
slr0604;1;0;16;1;1;2;0;0;2;2;1;1;1
slr0605;1;0;7;1;1;0;1;0;1;1;0;0;0
slr0606;1;0;4;0;0;0;0;0;0;0;1;0;0
slr0608;1;0;10;1;0;1;1;0;1;2;1;3;0
slr0609;1;0;7;0;1;0;1;0;1;1;1;1;1
slr0611;1;0;8;0;0;0;0;0;0;1;1;2;0
slr0612;1;0;7;0;0;0;0;0;1;0;0;0;0
slr0613;1;0;4;0;0;0;0;0;0;0;0;0;1
slr0615;1;0;9;0;0;0;0;0;1;0;0;0;1
slr0618;1;0;11;2;1;1;1;0;0;1;1;0;1
slr0619;1;0;9;0;0;0;0;0;1;0;0;0;0
slr0623;1;0;5;2;0;0;0;0;9;6;5;4;0
slr0624;1;0;4;0;0;0;1;0;0;0;0;0;0
slr0626;1;0;9;0;1;0;0;0;4;1;0;2;0
slr0633;1;0;8;1;1;0;0;0;0;2;1;0;0
slr0635;1;0;10;1;0;0;0;0;0;0;0;0;1
slr0637;1;0;6;0;0;0;0;0;0;0;1;0;0
slr0638;1;0;7;1;0;0;0;0;1;0;2;1;0
slr0640;1;0;11;0;0;1;0;0;0;0;0;0;2
slr0643;1;0;8;0;2;0;1;0;0;0;0;0;0
slr0644;1;0;11;0;0;0;0;0;3;2;0;2;1
slr0645;1;0;9;0;0;2;1;0;1;0;1;2;1
slr0646;1;0;10;0;0;0;0;0;1;0;2;0;1
slr0649;1;0;17;2;2;1;2;1;3;2;2;2;4
slr0650;1;0;7;0;0;1;1;0;0;0;1;0;0
slr0651;1;0;5;0;0;0;0;0;1;2;3;3;2
slr0652;1;0;8;0;1;2;2;0;1;2;0;2;2
slr0653;1;0;10;1;1;1;1;0;0;0;0;0;1
slr0655;1;0;8;1;1;0;1;0;0;0;0;1;0
slr0656;1;0;6;0;0;0;0;0;0;0;0;1;0
slr0657;1;0;17;0;1;0;1;0;2;1;2;1;1
slr0658;1;0;11;0;0;0;1;0;0;1;0;1;0
slr0659;1;0;16;1;1;2;2;0;2;2;0;2;2
slr0661;1;0;6;0;0;0;0;0;0;0;2;0;0
slr0662;1;0;17;0;1;1;1;0;2;2;2;2;2
slr0664;1;0;5;0;0;0;0;0;2;2;0;0;1
slr0665;1;0;27;2;2;2;1;2;2;2;3;3;3
slr0666;1;0;12;0;0;0;0;0;1;1;0;1;1
slr0668;1;0;7;0;0;2;2;2;0;0;0;0;0
slr0670;1;0;8;0;1;0;0;0;1;2;2;2;1
slr0676;1;0;4;0;0;0;0;0;0;0;0;1;0
slr0679;1;0;10;1;0;1;0;0;2;1;3;2;0
slr0682;1;0;7;0;0;0;0;0;1;1;0;0;2
slr0687;1;0;14;1;2;1;0;0;1;1;1;0;0
slr0688;1;0;8;0;0;1;1;0;0;1;0;0;0
slr0689;1;0;8;0;0;0;0;0;2;2;2;1;1
slr0692;1;0;11;1;0;1;0;0;2;2;1;2;2
slr0695;1;0;9;0;0;0;1;0;1;0;0;0;0
slr0697;1;0;21;2;0;0;1;0;1;2;1;1;1
slr0698;1;0;6;1;0;1;0;0;1;0;0;0;0
slr0702;1;0;9;0;1;0;0;0;3;2;1;2;1
slr0707;1;0;30;4;2;3;2;1;1;1;1;2;1
slr0708;1;0;13;0;0;1;1;0;2;1;2;1;2
slr0710;1;0;10;1;0;1;2;0;0;0;2;1;1
slr0711;1;0;4;0;0;0;0;0;0;0;1;0;0
slr0713;1;0;11;1;1;0;0;0;1;1;2;1;2
slr0721;1;0;12;2;1;2;3;2;2;1;2;1;1
slr0723;1;0;8;1;0;0;0;0;0;0;2;0;0
slr0724;1;0;4;0;0;0;0;0;0;0;1;0;0
slr0725;1;0;6;0;0;1;0;0;0;0;0;1;0
slr0727;1;0;12;0;1;0;1;1;1;0;0;0;1
slr0731;1;0;9;0;1;0;0;0;0;1;1;1;0
slr0733;1;0;11;1;0;0;0;0;1;0;1;1;0
slr0734;1;0;6;1;0;0;0;0;2;3;3;1;1
slr0738;1;0;15;0;0;0;0;0;1;1;2;0;1
slr0741;1;0;9;1;0;2;2;0;0;2;1;1;2
slr0742;1;0;6;0;0;0;0;0;0;1;0;0;0
slr0743;1;0;13;1;0;1;1;2;0;0;0;0;1
slr0744;1;0;22;2;1;2;2;1;4;4;4;6;5
slr0746;1;0;8;0;0;0;0;0;1;0;2;0;0
slr0750;1;0;6;0;0;0;0;0;2;1;1;1;2
slr0751;1;0;6;0;0;0;0;0;0;0;0;0;1
slr0752;1;0;14;0;3;2;1;2;4;4;4;4;2
slr0755;1;0;8;0;0;1;0;0;0;0;0;1;0
slr0756;1;0;7;0;0;0;0;0;0;2;0;0;0
slr0757;1;0;3;0;0;0;0;0;0;0;0;1;0
slr0758;1;0;14;1;0;1;0;1;2;2;1;1;0
slr0765;1;0;11;1;1;1;1;0;1;5;0;2;2
slr0769;1;0;6;0;0;1;1;0;1;0;0;3;3
slr0772;1;0;11;1;0;1;0;0;3;2;2;2;1
slr0773;1;0;5;0;0;2;0;0;0;1;0;0;0
slr0774;1;0;11;1;1;0;0;0;1;3;2;2;2
slr0776;1;0;10;0;0;0;1;0;1;0;0;0;0
slr0779;1;0;5;0;0;0;1;0;0;0;0;0;0
slr0780;1;0;7;2;1;0;2;0;0;0;0;0;0
slr0782;1;0;14;2;1;0;1;0;1;2;1;2;2
slr0786;1;0;5;0;0;0;0;0;0;0;0;0;2
slr0787;1;0;7;0;1;0;0;0;0;1;0;0;0
slr0788;1;0;15;1;4;0;2;3;0;1;2;1;1
slr0794;1;0;22;2;2;1;3;1;2;3;2;2;2
slr0795;1;0;4;0;0;0;0;0;0;1;0;0;0
slr0796;1;0;4;0;0;0;0;0;0;1;0;0;0
slr0797;1;0;5;0;1;0;0;0;0;0;0;0;0
slr0798;1;0;20;1;1;0;1;0;1;0;1;1;1
slr0801;1;0;13;1;0;0;0;0;1;0;1;1;2
slr0804;1;0;10;0;2;1;1;0;2;3;2;2;0
slr0806;1;0;7;0;0;0;0;0;1;0;0;0;2
slr0809;1;0;11;2;0;0;0;0;1;2;1;1;2
slr0812;1;0;6;0;0;0;0;0;3;3;1;1;0
slr0813;1;0;4;0;0;0;0;2;0;0;0;0;0
slr0817;1;0;14;1;0;0;1;0;1;0;1;1;0
slr0818;1;0;9;0;0;0;0;0;1;1;2;2;3
slr0819;1;0;7;0;0;0;1;0;0;0;0;0;0
slr0820;1;0;9;0;1;0;0;0;0;1;0;0;1
slr0822;1;0;17;0;2;0;1;1;2;1;2;2;4
slr0823;1;0;6;0;0;0;1;0;1;1;1;1;0
slr0825;1;0;14;3;0;1;2;0;2;2;1;1;2
slr0827;1;0;11;1;1;0;1;0;2;2;3;1;1
slr0829;1;0;21;2;1;1;1;1;1;1;1;1;1
slr0833;1;0;26;2;1;1;3;1;1;2;4;3;2
slr0835;1;0;12;1;0;0;0;0;1;1;1;1;0
slr0836;1;0;10;1;0;0;2;0;1;1;1;0;0
slr0839;1;0;7;0;0;0;0;0;2;2;2;1;2
slr0841;1;0;6;0;1;0;0;0;1;1;1;0;0
slr0842;1;0;11;1;1;0;0;2;0;2;0;1;0
slr0844;1;0;10;0;1;1;0;0;3;3;3;2;3
slr0848;1;0;11;0;1;1;2;0;2;2;2;2;2
slr0851;1;0;9;3;1;1;2;0;0;0;1;1;0
slr0854;1;0;14;1;1;0;1;0;1;1;0;0;0
slr0861;1;0;6;0;0;0;0;0;0;2;1;0;0
slr0863;1;0;15;2;1;1;1;1;2;2;1;2;2
slr0864;1;0;16;1;0;0;0;0;3;1;1;2;1
slr0865;1;0;7;1;0;1;0;0;1;0;0;0;0
slr0869;1;0;29;1;1;1;1;1;1;1;1;1;2
slr0870;1;0;4;0;0;0;1;0;0;0;0;0;0
slr0872;1;0;11;0;1;0;0;0;1;2;1;1;0
slr0876;1;0;17;1;0;1;0;1;2;1;2;2;1
slr0877;1;0;13;0;1;1;1;2;2;2;2;1;2
slr0878;1;0;4;1;0;0;1;0;0;0;0;0;0
slr0880;1;0;13;0;1;0;0;0;1;1;2;2;2
slr0882;1;0;12;1;0;0;1;1;0;2;1;1;1
slr0883;1;0;13;1;0;0;1;0;2;1;0;1;2
slr0884;1;0;9;1;0;0;0;0;0;1;1;2;1
slr0886;1;0;4;0;0;0;0;0;0;1;0;0;0
slr0887;1;0;5;0;0;0;0;0;0;2;0;0;0
slr0889;1;0;10;0;0;0;0;1;2;1;0;1;1
slr0891;1;0;12;1;0;1;1;0;1;0;0;1;1
slr0896;1;0;5;0;1;0;0;0;0;0;0;0;0
slr0897;1;0;27;1;2;1;1;0;3;2;2;2;2
slr0898;1;0;20;2;1;1;1;0;1;1;2;3;3
slr0901;1;0;9;1;1;0;0;0;0;0;0;0;0
slr0902;1;0;8;0;0;0;0;0;2;0;1;0;0
slr0903;1;0;4;0;0;0;0;0;0;0;2;2;0
slr0904;1;0;14;0;1;0;0;0;1;1;1;1;1
slr0905;1;0;11;1;1;0;2;0;0;1;0;1;0
slr0907;1;0;30;0;1;1;1;1;2;2;2;2;2
slr0909;1;0;16;0;1;0;0;0;2;2;2;1;2
slr0912;1;0;7;0;0;1;0;0;3;2;3;2;2
slr0913;1;0;8;0;0;1;0;0;0;0;0;1;2
slr0914;1;0;6;0;0;0;0;0;0;0;0;0;2
slr0917;1;0;10;0;0;1;0;0;4;1;1;2;2
slr0921;1;0;5;0;1;0;0;0;0;0;0;0;0
slr0922;1;0;9;2;1;0;1;0;1;1;2;3;3
slr0923;1;0;5;0;0;0;0;0;1;2;0;0;0
slr0924;1;0;3;0;0;0;0;0;0;2;1;4;4
slr0929;1;0;7;0;0;0;0;0;2;1;2;1;0
slr0930;1;0;10;0;0;0;0;0;1;0;0;1;1
slr0936;1;0;5;0;0;0;0;0;0;0;0;1;0
slr0937;1;0;7;0;0;0;0;0;0;2;3;2;0
slr0938;1;0;13;0;0;1;0;0;1;2;2;2;3
slr0940;1;0;16;1;0;1;1;2;1;1;2;1;2
slr0941;1;0;4;0;0;0;1;0;1;0;0;0;0
slr0942;1;0;7;0;0;0;1;0;0;0;0;0;1
slr0943;1;0;7;1;0;1;0;0;0;0;0;0;0
slr0944;1;0;6;1;0;2;1;0;0;0;0;0;0
slr0945;1;0;6;0;0;0;0;0;0;1;0;0;0
slr0947;1;0;9;0;1;1;0;0;3;3;3;1;1
slr0948;1;0;6;0;0;0;0;0;1;0;1;0;0
slr0950;1;0;6;0;0;0;0;0;0;2;1;1;1
slr0951;1;0;6;0;0;0;0;0;1;0;0;3;0
slr0952;1;0;9;0;0;0;0;0;1;0;0;0;0
slr0954;1;0;5;1;0;0;0;0;0;0;0;0;1
slr0955;1;0;14;0;1;3;2;0;1;2;1;1;1
slr0958;1;0;13;2;0;1;2;1;2;1;1;2;2
slr0959;1;0;5;0;0;0;0;0;2;3;1;0;1
slr0962;1;0;7;0;0;0;0;1;0;0;1;0;0
slr0963;1;0;23;1;0;2;2;0;2;2;1;2;3
slr0965;1;0;11;0;2;1;1;0;1;0;1;0;0
slr0966;1;0;5;0;0;0;0;0;0;0;0;0;2
slr0969;1;0;12;1;0;1;0;0;0;1;1;0;0
slr0971;1;0;10;1;1;0;0;0;1;1;2;3;2
slr0974;1;0;6;0;0;0;1;0;0;0;1;1;0
slr0976;1;0;4;0;0;1;0;0;0;0;0;0;0
slr0980;1;0;6;0;0;0;0;0;1;0;0;1;1
slr0981;1;0;7;0;0;0;1;0;0;0;0;0;0
slr0982;1;0;10;0;0;2;1;0;1;1;0;0;0
slr0984;1;0;12;0;0;1;1;0;1;1;1;0;0
slr0985;1;0;8;0;0;1;0;0;3;2;2;3;3
slr0990;1;0;7;0;0;0;0;0;1;0;0;0;0
slr0993;1;0;13;1;1;0;1;1;2;2;2;2;3
slr1020;1;0;13;2;0;1;1;0;3;1;1;2;2
slr1022;1;0;14;0;0;0;1;0;2;2;2;3;2
slr1025;1;0;3;0;0;0;0;0;0;0;1;0;0
slr1028;1;0;27;1;2;1;1;1;2;3;2;2;3
slr1030;1;0;12;1;1;1;0;0;1;0;1;1;1
slr1031;1;0;9;0;0;0;0;1;0;1;2;1;0
slr1033;1;0;13;0;1;1;1;0;2;3;2;2;3
slr1035;1;0;5;0;0;0;0;0;0;0;1;0;0
slr1037;1;0;3;0;0;0;0;0;0;1;0;0;0
slr1039;1;0;5;0;0;0;0;0;2;0;0;1;1
slr1041;1;0;9;0;0;0;1;0;0;0;0;0;1
slr1043;1;0;5;0;0;0;0;0;2;2;1;0;0
slr1044;1;0;20;1;1;2;1;1;2;2;2;1;1
slr1047;1;0;13;0;1;0;1;0;0;1;1;0;1
slr1048;1;0;28;2;1;2;1;0;1;1;2;1;2
slr1050;1;0;7;0;0;1;1;0;0;0;0;0;0
slr1051;1;0;7;0;0;0;0;0;2;0;0;0;1
slr1052;1;0;7;0;0;0;0;1;0;0;1;0;2
slr1053;1;0;5;0;0;0;0;0;0;0;1;1;0
slr1055;1;0;38;2;2;2;2;1;2;2;3;3;3
slr1056;1;0;21;1;1;1;2;1;2;1;2;2;2
slr1063;1;0;14;0;0;1;0;0;1;1;1;1;1
slr1064;1;0;9;0;2;1;2;1;2;1;3;5;4
slr1065;1;0;6;0;3;2;0;0;1;0;1;0;0
slr1066;1;0;14;1;2;1;1;0;4;2;1;3;2
slr1067;1;0;11;1;1;1;0;0;2;1;1;2;1
slr1068;1;0;5;0;1;0;0;0;0;0;0;0;0
slr1070;1;0;9;0;0;1;1;1;0;0;1;0;0
slr1072;1;0;7;0;2;0;1;0;0;0;0;0;0
slr1073;1;0;8;0;1;1;0;0;0;0;1;1;1
slr1074;1;0;7;0;1;0;0;0;0;1;2;1;1
slr1076;1;0;11;0;0;0;0;0;1;0;1;0;1
slr1077;1;0;4;0;1;0;0;0;0;0;0;0;0
slr1081;1;0;4;0;0;1;0;0;0;0;0;0;0
slr1087;1;0;10;0;0;0;0;0;1;1;2;1;0
slr1090;1;0;9;1;0;0;0;0;2;1;1;1;2
slr1094;1;0;6;0;0;0;0;0;1;0;0;0;0
slr1095;1;0;8;0;0;0;0;0;1;2;0;0;1
slr1096;1;0;10;0;2;1;0;0;1;2;0;0;1
slr1097;1;0;7;0;2;0;0;0;1;1;1;1;0
slr1098;1;0;6;0;1;0;0;0;0;0;1;1;0
slr1100;1;0;5;0;2;0;0;0;0;0;0;0;0
slr1102;1;0;19;2;1;1;1;3;1;1;2;1;1
slr1103;1;0;15;1;1;1;0;0;2;2;2;1;1
slr1104;1;0;12;0;0;0;0;0;3;2;2;1;1
slr1105;1;0;11;0;0;0;0;2;2;2;2;1;1
slr1106;1;0;8;2;0;0;1;0;0;0;1;0;0
slr1107;1;0;9;2;0;1;1;0;2;1;0;0;0
slr1109;1;0;8;1;0;0;0;0;1;0;1;1;1
slr1110;1;0;4;0;0;0;0;0;1;2;0;0;0
slr1114;1;0;8;1;0;0;1;0;0;0;1;1;0
slr1116;1;0;7;0;0;0;0;0;0;0;0;1;0
slr1117;1;0;10;0;0;1;1;0;0;0;1;1;0
slr1118;1;0;6;0;0;0;0;0;1;0;1;0;0
slr1119;1;0;7;0;0;1;0;0;0;1;1;2;2
slr1123;1;0;12;0;1;0;0;0;2;1;0;0;1
slr1125;1;0;8;0;0;0;0;0;1;0;0;0;1
slr1128;1;0;14;3;0;2;1;1;2;2;4;3;2
slr1129;1;0;16;1;0;1;1;1;2;3;2;2;2
slr1130;1;0;7;0;1;1;1;3;0;0;0;1;0
slr1133;1;0;10;2;0;0;0;0;2;0;1;1;1
slr1135;1;0;19;0;1;1;0;1;2;2;2;1;2
slr1137;1;0;4;0;0;0;0;0;0;0;1;0;0
slr1140;1;0;9;0;0;0;0;0;0;2;2;2;2
slr1142;1;0;4;0;0;0;0;0;0;0;1;0;0
slr1143;1;0;13;1;1;0;0;0;2;2;2;1;2
slr1148;1;0;6;1;0;0;0;0;0;0;0;0;0
slr1149;1;0;20;1;1;1;1;1;1;1;1;0;2
slr1150;1;0;4;0;0;0;0;0;0;1;1;0;0
slr1152;1;0;12;1;1;1;1;0;1;0;0;0;1
slr1159;1;0;10;0;0;0;0;0;0;1;1;1;1
slr1161;1;0;7;0;1;0;0;0;2;0;0;2;2
slr1162;1;0;9;0;0;0;0;0;0;2;0;0;1
slr1163;1;0;5;0;0;0;0;0;0;0;1;0;0
slr1164;1;0;22;1;1;0;1;0;2;1;1;1;1
slr1165;1;0;11;0;1;1;2;1;3;0;2;0;1
slr1166;1;0;7;0;1;1;0;0;0;0;0;1;1
slr1167;1;0;10;0;0;0;0;1;0;0;0;1;0
slr1169;1;0;5;0;0;0;0;0;0;0;2;1;0
slr1173;1;0;12;0;0;1;0;0;1;1;2;2;1
slr1176;1;0;18;1;1;2;2;1;4;2;3;2;2
slr1179;1;0;13;0;1;1;0;0;2;2;2;1;2
slr1183;1;0;6;0;0;0;0;0;0;1;0;1;0
slr1187;1;0;4;0;0;1;0;0;0;0;0;0;0
slr1188;1;0;8;1;0;0;2;0;0;0;0;1;1
slr1192;1;0;4;0;0;0;0;0;0;0;0;1;0
slr1194;1;0;5;0;0;0;0;0;2;1;2;0;1
slr1196;1;0;12;0;0;0;0;0;0;2;1;2;1
slr1197;1;0;8;1;0;0;2;0;0;0;0;1;0
slr1198;1;0;6;0;0;0;0;0;0;2;2;3;2
slr1199;1;0;10;0;0;0;0;0;1;1;1;1;1
slr1204;1;0;8;0;1;0;0;0;0;0;0;0;0
slr1205;1;0;3;0;0;0;2;0;0;0;0;0;0
slr1207;1;0;10;1;0;0;2;0;1;1;1;1;1
slr1208;1;0;16;3;1;2;3;0;1;2;1;1;1
slr1211;1;0;22;2;2;0;1;1;1;2;2;2;4
slr1212;1;0;15;0;2;1;1;0;2;1;1;2;2
slr1214;1;0;10;0;0;0;1;0;1;2;0;1;0
slr1218;1;0;5;0;0;0;0;0;0;1;2;2;0
slr1219;1;0;4;0;0;0;0;0;1;0;0;0;0
slr1220;1;0;9;1;0;1;0;0;0;1;1;1;0
slr1222;1;0;7;1;0;1;0;0;0;1;0;0;0
slr1223;1;0;10;0;0;0;0;1;2;2;2;2;2
slr1224;1;0;13;2;0;1;0;1;1;1;1;1;1
slr1225;1;0;11;0;0;0;0;0;0;1;0;0;0
slr1226;1;0;11;2;2;2;2;0;0;2;0;2;0
slr1227;1;0;17;2;2;1;1;0;3;0;2;2;1
slr1228;1;0;20;1;2;2;1;1;1;1;0;1;2
slr1230;1;0;10;0;1;0;1;0;0;1;1;1;0
slr1233;1;0;19;1;2;1;1;1;2;3;2;2;2
slr1234;1;0;4;0;0;0;0;0;0;1;0;0;0
slr1235;1;0;8;0;0;0;0;0;0;1;2;1;0
slr1237;1;0;15;0;1;0;0;0;1;1;1;1;2
slr1238;1;0;12;0;1;0;0;1;2;2;1;2;0
slr1239;1;0;11;1;1;1;1;1;1;1;2;1;1
slr1240;1;0;8;2;1;4;2;2;2;1;0;1;2
slr1243;1;0;34;2;1;1;1;1;2;3;1;2;1
slr1245;1;0;8;1;1;1;1;0;0;1;0;0;0
slr1247;1;0;9;0;0;0;0;0;0;0;1;1;0
slr1250;1;0;8;1;0;1;1;0;3;0;0;2;1
slr1251;1;0;7;0;0;1;1;0;2;2;4;5;3
slr1254;1;0;21;1;3;2;2;2;1;2;2;2;2
slr1255;1;0;12;1;1;1;1;1;1;0;1;2;1
slr1256;1;0;5;0;0;0;0;0;1;0;0;0;0
slr1257;1;0;6;0;0;0;0;0;2;2;0;0;1
slr1258;1;0;7;2;0;1;1;1;0;0;0;1;2
slr1263;1;0;8;0;1;0;0;0;1;0;1;1;1
slr1265;1;0;15;2;2;1;1;4;3;4;4;3;3
slr1269;1;0;13;0;0;0;1;0;2;0;1;1;1
slr1270;1;0;22;1;1;1;1;1;1;2;3;2;1
slr1271;1;0;11;0;0;0;1;1;0;0;0;1;0
slr1272;1;0;9;0;0;0;0;0;1;1;1;1;1
slr1274;1;0;10;2;0;0;0;0;1;2;0;1;2
slr1276;1;0;4;0;0;0;0;0;3;0;0;2;2
slr1277;1;0;17;1;1;1;2;0;1;1;2;2;1
slr1278;1;0;10;0;0;0;0;0;0;1;1;2;2
slr1280;1;0;6;0;0;0;0;0;0;0;1;0;1
slr1281;1;0;5;0;0;1;1;0;0;0;0;0;0
slr1285;1;0;10;1;0;1;1;0;0;0;1;0;0
slr1287;1;0;9;0;0;0;1;0;2;1;1;0;0
slr1289;1;0;16;1;1;0;2;2;2;3;2;1;1
slr1290;1;0;6;0;0;0;0;0;0;2;2;0;2
slr1291;1;0;6;0;0;0;0;0;1;0;0;0;0
slr1293;1;0;11;0;1;1;1;0;0;1;0;1;0
slr1295;1;0;12;0;1;2;2;0;1;0;0;0;1
slr1298;1;0;12;0;1;1;0;2;1;0;1;0;1
slr1299;1;0;15;1;0;1;0;0;3;2;2;3;2
slr1300;1;0;7;0;0;0;0;0;0;0;1;0;1
slr1301;1;0;23;2;3;3;1;1;4;3;3;3;4
slr1302;1;0;12;0;1;0;0;0;1;2;1;2;2
slr1303;1;0;12;1;1;0;0;1;0;2;0;0;0
slr1305;1;0;15;1;0;0;0;0;1;1;2;0;2
slr1306;1;0;10;1;1;1;1;0;1;0;0;0;0
slr1312;1;0;14;1;1;0;1;0;2;2;3;3;1
slr1315;1;0;4;0;0;0;0;0;1;0;0;0;0
slr1319;1;0;8;0;0;0;0;0;1;1;0;0;1
slr1322;1;0;16;2;3;3;2;1;2;2;2;3;3
slr1324;1;0;11;1;0;0;0;0;0;1;1;1;1
slr1325;1;0;17;1;0;1;0;0;1;1;1;2;1
slr1329;1;0;19;1;2;2;2;0;7;7;6;5;7
slr1331;1;0;13;0;1;2;1;0;2;2;1;1;1
slr1334;1;0;16;0;1;2;1;0;1;1;1;1;0
slr1339;1;0;7;0;0;0;0;0;1;0;0;2;0
slr1340;1;0;3;0;0;0;0;0;0;0;0;1;0
slr1342;1;0;16;1;2;0;1;0;2;1;1;2;1
slr1343;1;0;9;1;0;0;0;0;1;0;0;0;0
slr1347;1;0;10;1;2;1;1;0;2;2;2;2;2
slr1348;1;0;8;1;0;0;1;0;0;0;0;0;0
slr1349;1;0;16;3;1;2;2;0;3;3;2;3;3
slr1350;1;0;7;1;0;0;0;0;0;0;0;3;2
slr1351;1;0;6;0;0;0;1;0;1;1;1;0;0
slr1356;1;0;12;0;1;1;1;0;1;4;2;4;3
slr1362;1;0;3;1;0;0;0;0;0;0;0;0;0
slr1363;1;0;19;0;1;0;2;1;2;3;1;2;1
slr1364;1;0;11;1;1;1;2;0;1;0;2;2;2
slr1367;1;0;23;1;2;0;1;1;2;1;2;3;4
slr1368;1;0;7;1;0;0;0;0;2;2;2;1;1
slr1377;1;0;7;0;0;0;0;0;0;1;1;1;1
slr1379;1;0;7;0;0;0;0;0;0;1;0;1;0
slr1383;1;0;4;0;0;0;0;0;0;0;1;0;0
slr1384;1;0;7;0;0;0;0;0;1;0;0;0;0
slr1385;1;0;9;0;1;0;0;0;1;1;0;0;0
slr1390;1;0;16;0;0;1;0;1;2;1;3;3;1
slr1392;1;0;8;2;1;0;0;0;0;0;0;1;0
slr1393;1;0;22;1;1;0;1;1;2;1;2;1;1
slr1395;1;0;5;0;0;0;0;0;0;0;1;0;1
slr1397;1;0;6;0;0;0;0;0;0;1;1;0;0
slr1398;1;0;9;0;0;0;0;0;1;0;0;1;1
slr1400;1;0;7;0;1;1;0;0;0;0;0;1;0
slr1403;1;0;18;1;1;2;0;1;2;2;2;2;2
slr1407;1;0;10;0;0;1;1;1;3;2;2;0;2
slr1409;1;0;10;0;0;0;0;0;1;2;1;0;1
slr1410;1;0;9;2;2;0;1;1;0;0;1;0;1
slr1411;1;0;7;0;0;1;1;0;0;0;0;0;0
slr1413;1;0;8;0;0;0;0;0;0;1;0;0;0
slr1415;1;0;8;0;0;0;0;0;1;0;0;0;0
slr1416;1;0;3;0;0;0;0;0;0;1;0;0;0
slr1418;1;0;10;0;2;0;1;0;0;1;0;1;1
slr1419;1;0;6;0;0;0;0;0;0;0;2;0;0
slr1420;1;0;10;0;0;0;0;0;0;1;1;1;1
slr1423;1;0;9;0;0;1;0;0;0;0;2;2;1
slr1424;1;0;11;0;1;1;0;0;0;0;0;0;0
slr1426;1;0;6;0;1;0;0;0;0;0;0;0;0
slr1428;1;0;11;0;0;0;0;0;0;1;1;1;1
slr1429;1;0;6;0;0;0;0;0;2;0;1;0;0
slr1431;1;0;12;1;0;1;0;0;2;1;1;1;1
slr1434;1;0;7;0;0;0;1;0;0;0;1;1;0
slr1435;1;0;8;1;0;0;0;0;1;1;3;1;2
slr1438;1;0;12;1;1;1;0;0;1;1;0;1;1
slr1440;1;0;4;1;0;0;0;0;0;0;0;0;0
slr1442;1;0;5;0;1;0;0;0;0;0;0;0;0
slr1443;1;0;9;0;0;0;0;0;0;1;2;2;1
slr1444;1;0;9;0;0;0;0;0;2;2;1;1;2
slr1448;1;0;7;0;0;0;0;0;0;0;0;1;0
slr1451;1;0;8;0;0;0;0;0;1;0;1;0;1
slr1452;1;0;7;0;0;0;0;0;0;0;0;0;1
slr1454;1;0;6;1;0;0;0;0;0;0;0;0;0
slr1455;1;0;5;1;1;1;2;0;0;0;0;0;0
slr1459;1;0;9;0;2;2;1;1;0;4;2;4;3
slr1462;1;0;10;0;0;0;0;0;0;1;1;0;0
slr1463;1;0;19;1;2;0;1;0;2;6;3;5;2
slr1464;1;0;6;0;0;0;0;0;1;1;1;0;0
slr1468;1;0;4;0;0;0;0;0;0;0;0;0;1
slr1470;1;0;5;0;1;0;0;0;0;0;0;0;0
slr1471;1;0;9;1;1;0;0;0;0;0;0;2;0
slr1472;1;0;4;0;0;0;0;0;0;1;0;0;0
slr1474;1;0;8;1;0;0;0;1;0;0;0;0;0
slr1476;1;0;7;0;0;0;0;0;0;2;1;0;0
slr1484;1;0;6;0;0;0;0;0;0;1;1;1;0
slr1485;1;0;12;2;0;2;1;1;0;1;1;1;0
slr1488;1;0;12;1;1;0;1;1;2;0;3;0;2
slr1489;1;0;14;0;0;1;0;0;1;1;1;0;0
slr1490;1;0;22;1;1;0;1;1;1;1;1;1;1
slr1494;1;0;11;1;1;1;1;1;1;2;1;2;0
slr1495;1;0;8;0;0;1;1;0;1;2;1;0;0
slr1498;1;0;7;0;0;0;0;0;0;1;0;0;1
slr1501;1;0;6;0;0;0;0;0;0;0;0;2;1
slr1503;1;0;6;0;0;0;0;0;0;2;0;0;0
slr1505;1;0;5;0;0;0;0;0;0;1;1;0;1
slr1506;1;0;9;0;0;1;0;0;1;2;1;1;1
slr1507;1;0;10;0;0;0;1;0;0;0;1;0;1
slr1508;1;0;8;0;1;0;0;0;0;0;0;1;0
slr1509;1;0;6;0;0;0;0;0;0;0;0;1;0
slr1510;1;0;7;0;0;0;0;0;0;0;0;2;1
slr1511;1;0;8;0;0;0;0;0;0;0;1;0;0
slr1513;1;0;5;0;1;0;0;0;0;0;0;0;0
slr1517;1;0;10;1;1;1;1;0;2;0;1;1;1
slr1520;1;0;10;0;0;0;0;0;0;0;0;0;1
slr1521;1;0;13;1;2;1;3;1;2;2;2;3;3
slr1523;1;0;8;0;3;1;0;0;1;2;0;0;0
slr1529;1;0;11;0;0;0;1;0;2;3;2;2;2
slr1530;1;0;7;0;0;0;0;1;0;0;0;0;0
slr1531;1;0;14;2;3;1;1;4;2;1;1;0;1
slr1533;1;0;3;0;0;0;0;0;0;0;0;0;1
slr1534;1;0;11;0;0;0;0;0;1;1;2;1;1
slr1535;1;0;11;1;0;0;0;1;1;1;1;0;0
slr1536;1;0;14;1;0;0;0;0;1;2;1;2;1
slr1537;1;0;9;1;1;0;1;1;1;0;0;1;0
slr1538;1;0;6;0;0;0;0;0;0;2;0;3;0
slr1540;1;0;7;0;0;0;0;0;1;0;0;0;0
slr1541;1;0;5;0;0;0;0;0;0;0;0;0;2
slr1542;1;0;5;0;0;1;0;0;0;0;0;0;0
slr1545;1;0;8;1;0;0;0;0;0;0;0;0;0
slr1550;1;0;16;1;2;1;2;0;2;3;2;2;2
slr1552;1;0;14;0;1;0;1;0;1;0;0;1;0
slr1557;1;0;10;2;2;1;1;0;1;1;0;1;1
slr1559;1;0;8;2;1;0;0;0;1;0;1;1;1
slr1560;1;0;12;1;1;0;1;0;2;2;2;2;2
slr1562;1;0;4;0;0;0;0;1;0;0;0;0;0
slr1564;1;0;11;0;1;0;0;0;1;0;0;0;0
slr1567;1;0;17;1;1;1;1;1;1;2;0;1;1
slr1570;1;0;5;0;0;0;1;0;0;0;0;0;0
slr1571;1;0;6;0;0;0;0;0;1;0;0;2;0
slr1572;1;0;7;2;2;1;0;1;1;0;0;0;0
slr1573;1;0;4;0;0;0;1;0;0;0;0;0;0
slr1575;1;0;7;0;0;0;0;0;2;0;0;0;0
slr1579;1;0;6;0;0;0;0;0;1;0;2;0;1
slr1584;1;0;6;0;0;0;0;0;1;0;1;0;0
slr1588;1;0;7;0;0;0;0;0;0;0;0;1;0
slr1590;1;0;7;0;0;0;0;0;2;0;1;3;2
slr1591;1;0;5;0;1;0;0;0;1;0;0;0;0
slr1592;1;0;8;0;0;0;1;0;1;0;0;0;1
slr1593;1;0;4;0;0;0;0;0;1;0;0;0;0
slr1594;1;0;10;0;1;0;2;0;0;1;1;0;1
slr1596;1;0;8;0;0;1;0;0;1;1;2;2;1
slr1597;1;0;3;0;0;0;0;0;0;0;1;0;0
slr1598;1;0;8;1;0;0;0;0;0;1;2;1;0
slr1601;1;0;6;0;0;1;0;0;0;2;0;0;0
slr1603;1;0;6;0;0;1;1;0;1;1;0;0;0
slr1604;1;0;18;0;1;0;0;0;2;2;1;2;2
slr1608;1;0;8;2;0;0;1;0;0;2;0;0;0
slr1609;1;0;17;1;1;1;1;2;2;2;1;2;3
slr1612;1;0;7;0;1;0;0;0;0;0;0;0;0
slr1613;1;0;5;1;0;0;0;0;0;0;0;0;1
slr1614;1;0;4;0;0;1;0;0;0;0;0;0;0
slr1615;1;0;8;1;0;0;0;0;0;0;0;0;1
slr1616;1;0;8;0;0;0;0;0;1;1;0;0;0
slr1617;1;0;13;0;2;1;1;0;1;1;1;1;1
slr1618;1;0;9;0;0;0;0;0;0;0;0;2;1
slr1619;1;0;7;1;0;0;0;0;0;0;1;1;0
slr1622;1;0;3;0;0;0;2;0;0;0;0;0;0
slr1624;1;0;6;0;0;0;0;0;2;1;0;1;1
slr1628;1;0;4;1;0;0;0;0;0;0;0;0;0
slr1636;1;0;7;0;0;1;0;0;2;2;0;1;0
slr1639;1;0;4;0;0;0;0;0;0;1;0;0;0
slr1641;1;0;28;2;1;2;1;3;1;3;2;2;1
slr1643;1;0;13;1;1;2;2;0;2;1;4;3;1
slr1646;1;0;8;0;0;0;0;0;0;0;1;0;1
slr1648;1;0;13;0;0;0;1;1;0;1;0;0;1
slr1649;1;0;8;0;0;0;0;0;0;0;0;1;0
slr1651;1;0;8;0;0;0;0;0;0;1;0;0;0
slr1653;1;0;7;0;0;0;0;0;1;1;1;1;0
slr1656;1;0;7;0;0;0;0;0;2;2;1;2;1
slr1657;1;0;6;0;1;0;0;0;0;2;0;0;1
slr1658;1;0;6;0;0;0;0;0;1;0;0;1;0
slr1660;1;0;7;0;0;0;0;0;2;0;1;0;0
slr1661;1;0;14;0;0;1;0;0;2;1;0;1;0
slr1664;1;0;12;1;1;0;0;0;1;1;0;0;1
slr1665;1;0;4;0;0;0;0;0;0;1;2;0;0
slr1666;1;0;10;0;2;0;0;0;1;2;0;1;2
slr1668;1;0;8;1;1;0;1;1;2;3;2;3;4
slr1670;1;0;15;3;1;0;1;2;1;1;1;0;1
slr1672;1;0;15;1;1;0;2;0;1;2;1;2;2
slr1673;1;0;5;0;0;0;0;0;1;3;2;2;3
slr1675;1;0;4;0;0;0;0;0;0;1;0;0;0
slr1677;1;0;11;1;1;0;0;0;1;0;1;0;1
slr1681;1;0;8;0;0;0;0;0;0;1;1;0;1
slr1686;1;0;4;0;0;0;0;0;0;0;1;0;0
slr1689;1;0;9;0;0;0;1;0;2;2;2;1;2
slr1690;1;0;5;0;0;0;0;0;0;0;1;0;0
slr1691;1;0;11;1;0;1;1;1;3;0;2;3;2
slr1692;1;0;6;0;0;0;0;0;0;2;1;0;0
slr1693;1;0;8;1;1;0;0;0;1;1;0;1;1
slr1697;1;0;14;1;1;2;1;0;2;2;2;2;4
slr1702;1;0;5;0;0;0;0;0;1;0;0;0;0
slr1703;1;0;16;2;2;1;2;0;2;1;1;1;1
slr1704;1;0;4;0;0;1;0;0;0;0;0;0;0
slr1705;1;0;6;0;0;0;1;0;0;0;0;0;1
slr1706;1;0;3;0;0;0;0;0;0;0;0;1;0
slr1708;1;0;6;1;0;0;0;0;0;0;0;0;0
slr1710;1;0;21;2;1;1;1;1;1;1;2;1;0
slr1718;1;0;9;0;0;0;2;0;1;2;2;3;2
slr1719;1;0;8;0;0;0;0;0;3;3;3;3;1
slr1720;1;0;20;1;1;1;1;2;1;2;1;1;1
slr1721;1;0;13;1;0;1;1;0;0;3;2;1;0
slr1722;1;0;14;2;1;0;1;1;3;2;2;2;4
slr1723;1;0;5;0;1;0;0;0;0;0;0;0;0
slr1729;1;0;15;1;1;1;2;1;2;2;2;1;1
slr1731;1;0;13;0;0;0;0;0;1;2;1;1;1
slr1732;1;0;6;0;0;0;0;0;0;0;0;0;1
slr1734;1;0;10;0;0;0;1;0;0;2;1;1;1
slr1735;1;0;6;0;0;0;0;0;1;1;1;0;2
slr1736;1;0;5;1;0;0;0;0;0;0;0;0;0
slr1737;1;0;5;0;0;0;0;0;0;0;0;1;1
slr1740;1;0;17;1;1;2;1;1;2;3;3;3;2
slr1742;1;0;7;0;1;0;0;0;0;0;1;2;1
slr1743;1;0;12;0;0;0;1;0;1;1;1;0;1
slr1744;1;0;17;1;1;1;1;0;3;4;4;4;2
slr1746;1;0;8;0;0;0;0;0;1;1;0;0;0
slr1747;1;0;12;0;0;0;0;0;1;0;1;1;1
slr1751;1;0;18;2;3;1;2;0;4;4;4;2;3
slr1752;1;0;8;2;2;1;1;1;1;1;0;0;1
slr1753;1;0;16;1;0;0;1;0;1;1;0;0;1
slr1755;1;0;6;0;0;0;0;0;0;0;1;0;0
slr1756;1;0;16;0;0;1;1;0;2;2;3;2;3
slr1759;1;0;41;2;1;2;1;2;2;2;2;2;2
slr1760;1;0;8;0;1;0;0;0;2;0;1;0;2
slr1761;1;0;5;0;0;1;2;0;1;2;0;0;0
slr1763;1;0;10;2;0;1;1;0;2;2;1;2;1
slr1768;1;0;12;0;0;1;0;0;1;0;0;1;0
slr1771;1;0;8;0;0;0;0;0;1;1;0;0;1
slr1772;1;0;11;0;0;0;0;0;4;2;3;3;3
slr1774;1;0;6;1;1;1;0;0;0;0;0;0;0
slr1776;1;0;7;0;0;0;1;0;0;1;0;1;0
slr1777;1;0;15;0;1;2;1;3;0;1;1;2;2
slr1783;1;0;9;1;0;0;0;0;1;1;3;2;0
slr1784;1;0;10;0;0;0;0;0;1;3;0;1;0
slr1788;1;0;16;0;1;1;2;1;2;2;2;2;2
slr1789;1;0;15;1;1;2;2;2;2;2;1;1;1
slr1791;1;0;5;0;0;0;0;0;0;1;0;0;0
slr1793;1;0;13;2;2;3;1;1;2;3;2;1;2
slr1794;1;0;9;0;0;0;0;0;1;2;3;3;4
slr1796;1;0;9;0;1;1;1;0;0;1;0;1;1
slr1798;1;0;12;1;0;0;1;0;1;1;0;1;1
slr1799;1;0;19;1;1;2;2;0;3;2;3;2;2
slr1800;1;0;8;1;0;0;0;0;0;0;1;1;1
slr1803;1;0;10;1;0;2;1;0;0;0;0;1;1
slr1805;1;0;9;2;1;1;0;0;2;1;1;2;0
slr1807;1;0;4;0;0;0;0;0;0;0;0;1;1
slr1808;1;0;16;1;1;1;0;0;2;2;2;1;2
slr1809;1;0;6;0;0;0;0;0;0;0;2;0;1
slr1811;1;0;6;1;0;0;0;0;4;0;1;2;1
slr1818;1;0;6;0;0;0;0;0;1;0;1;0;0
slr1819;1;0;12;1;0;1;1;0;1;1;1;1;0
slr1820;1;0;7;0;1;1;2;0;1;0;1;0;0
slr1821;1;0;10;1;0;0;0;0;0;0;1;0;0
slr1822;1;0;7;0;0;1;1;0;0;0;2;0;2
slr1827;1;0;5;1;0;0;0;0;0;0;0;0;0
slr1829;1;0;9;2;0;1;2;0;1;1;2;1;2
slr1830;1;0;8;0;0;0;0;0;3;1;1;3;1
slr1834;1;0;11;1;1;2;1;0;0;1;1;1;1
slr1835;1;0;6;0;0;0;0;0;4;2;6;3;4
slr1840;1;0;8;0;1;1;0;0;0;0;0;0;0
slr1841;1;0;5;0;0;0;0;0;0;0;0;2;2
slr1842;1;0;8;1;0;1;0;0;3;3;2;2;3
slr1843;1;0;22;1;1;2;2;1;2;2;2;3;2
slr1844;1;0;29;1;1;2;2;0;2;2;2;2;2
slr1848;1;0;11;1;2;0;0;0;2;2;1;2;2
slr1849;1;0;11;0;0;0;0;0;0;0;0;1;1
slr1852;1;0;6;0;0;0;0;0;2;2;2;0;0
slr1853;1;0;5;0;1;0;0;0;0;0;0;1;0
slr1854;1;0;6;0;2;0;0;1;2;0;2;3;1
slr1855;1;0;13;1;1;1;1;1;0;1;0;1;0
slr1857;1;0;10;2;0;2;2;1;2;0;1;1;0
slr1860;1;0;14;0;0;0;1;0;1;2;1;2;1
slr1862;1;0;6;0;0;0;0;0;0;0;1;0;0
slr1863;1;0;9;0;0;0;0;0;1;0;0;3;1
slr1865;1;0;10;1;0;0;1;1;1;0;2;1;1
slr1867;1;0;6;0;0;1;2;0;0;0;1;0;0
slr1870;1;0;7;1;0;1;0;0;0;1;0;0;0
slr1871;1;0;10;0;0;2;0;0;1;1;0;2;1
slr1874;1;0;11;1;0;0;1;0;2;2;1;2;1
slr1877;1;0;5;0;0;0;0;0;1;0;0;0;0
slr1878;1;0;8;0;2;1;2;0;0;0;0;1;0
slr1880;1;0;9;1;0;2;4;0;1;1;2;2;0
slr1881;1;0;9;1;1;0;0;1;0;0;0;0;0
slr1884;1;0;8;1;1;2;2;0;1;1;0;1;0
slr1885;1;0;5;0;0;1;1;0;0;0;0;0;1
slr1887;1;0;10;1;0;1;0;0;2;2;2;2;1
slr1888;1;0;19;1;0;1;0;0;1;1;1;2;1
slr1894;1;0;6;0;0;0;0;0;1;1;0;1;0
slr1895;1;0;9;0;0;0;1;1;2;2;0;0;0
slr1896;1;0;4;0;0;0;2;0;0;0;0;0;0
slr1897;1;0;12;1;1;0;0;0;1;1;1;0;1
slr1898;1;0;11;0;1;0;0;0;2;0;1;2;0
slr1899;1;0;5;0;1;0;0;0;0;0;0;0;0
slr1900;1;0;12;0;1;0;0;1;1;1;1;1;1
slr1901;1;0;9;2;2;0;2;0;1;1;0;2;3
slr1906;1;0;3;0;0;0;0;0;0;0;1;0;0
slr1908;1;0;14;0;0;0;0;0;1;1;1;1;2
slr1909;1;0;8;0;0;0;2;0;0;0;0;0;0
slr1915;1;0;5;0;1;0;0;0;0;0;0;0;0
slr1916;1;0;7;2;0;0;0;0;0;2;1;0;0
slr1919;1;0;20;1;1;1;0;0;4;2;2;2;1
slr1920;1;0;13;2;2;0;1;0;1;2;2;1;0
slr1923;1;0;15;1;0;2;0;1;1;1;2;1;1
slr1924;1;0;9;0;1;0;0;0;2;2;1;1;1
slr1927;1;0;8;0;1;0;2;0;1;0;0;1;1
slr1930;1;0;6;0;0;0;0;0;0;0;0;1;0
slr1931;1;0;8;0;0;0;0;0;1;0;1;0;0
slr1934;1;0;11;0;1;0;1;0;0;3;4;2;1
slr1935;1;0;5;0;0;0;0;0;1;0;0;0;1
slr1938;1;0;9;1;0;0;0;0;1;2;1;0;0
slr1939;1;0;14;3;0;1;3;0;1;1;1;0;2
slr1940;1;0;11;0;1;0;1;0;1;1;2;2;1
slr1942;1;0;23;1;2;2;2;1;2;4;2;2;2
slr1943;1;0;13;0;2;1;1;2;0;0;0;1;0
slr1944;1;0;9;0;0;0;1;0;3;1;2;5;3
slr1945;1;0;19;1;1;0;1;0;1;1;2;2;2
slr1949;1;0;8;0;0;1;0;0;1;0;0;0;0
slr1950;1;0;7;1;0;2;0;0;1;1;2;0;0
slr1956;1;0;5;0;0;0;0;0;1;1;2;1;0
slr1958;1;0;8;0;2;0;0;2;0;1;2;0;0
slr1959;1;0;21;1;1;0;1;1;1;1;1;1;1
slr1962;1;0;11;0;1;0;0;0;1;2;2;1;1
slr1963;1;0;10;0;1;0;2;0;1;0;1;2;1
slr1964;1;0;4;0;1;0;0;0;0;0;0;0;0
slr1968;1;0;25;2;1;1;1;1;1;1;1;1;1
slr1969;1;0;8;0;0;0;0;0;1;1;1;0;2
slr1970;1;0;8;0;0;0;0;0;2;3;1;2;2
slr1971;1;0;5;0;0;0;0;0;0;0;0;1;0
slr1974;1;0;12;0;2;0;1;0;1;1;2;1;1
slr1975;1;0;13;0;0;0;0;0;2;3;3;4;4
slr1978;1;0;6;0;0;0;0;0;0;0;1;0;0
slr1979;1;0;10;2;0;0;0;0;2;0;1;1;1
slr1983;1;0;7;0;0;0;0;0;1;1;2;2;0
slr1984;1;0;12;1;0;0;0;2;1;1;2;1;0
slr1986;1;0;10;1;1;1;1;1;6;6;6;5;6
slr1991;1;0;8;2;1;1;0;0;0;1;0;0;0
slr1992;1;0;6;0;0;0;0;0;1;0;0;2;2
slr1993;1;0;9;0;0;0;1;0;1;2;0;2;1
slr1994;1;0;8;0;2;0;2;0;0;1;0;0;0
slr1998;1;0;16;2;0;0;2;0;4;3;4;3;1
slr2000;1;0;6;0;0;0;0;0;0;0;0;1;0
slr2001;1;0;9;0;0;0;0;0;1;2;1;1;2
slr2002;1;0;22;2;1;2;1;2;2;3;4;2;2
slr2004;1;0;17;2;2;2;4;3;2;2;2;1;2
slr2005;1;0;7;0;3;0;2;0;0;1;1;0;1
slr2013;1;0;15;1;1;1;1;0;1;1;1;0;1
slr2015;1;0;5;0;0;1;1;0;0;3;0;2;0
slr2018;1;0;16;2;1;0;1;0;1;2;2;1;0
slr2019;1;0;17;1;2;0;0;1;2;2;3;2;1
slr2024;1;0;6;0;0;1;0;0;3;2;3;3;3
slr2026;1;0;9;0;0;0;0;0;1;0;1;1;0
slr2027;1;0;8;0;0;0;1;0;1;0;0;1;0
slr2030;1;0;8;0;0;0;0;0;1;2;0;0;1
slr2031;1;0;10;0;0;0;0;0;2;2;1;1;1
slr2032;1;0;5;0;0;0;0;0;1;0;0;0;0
slr2034;1;0;11;2;2;2;4;0;4;3;3;3;2
slr2035;1;0;7;0;0;0;0;0;1;0;0;1;1
slr2037;1;0;10;0;1;0;0;0;0;2;1;0;0
slr2038;1;0;6;0;0;0;0;0;0;2;1;0;0
slr2041;1;0;3;0;0;0;0;0;0;0;1;0;0
slr2042;1;0;6;0;0;0;0;0;1;1;2;1;0
slr2043;1;0;8;0;0;0;0;0;1;0;1;0;1
slr2044;1;0;5;0;1;0;0;0;0;0;0;0;0
slr2046;1;0;9;0;0;0;0;0;1;0;0;1;0
slr2047;1;0;12;1;2;4;0;1;1;2;2;2;1
slr2048;1;0;12;0;0;2;2;0;2;1;2;1;1
slr2049;1;0;7;0;0;0;0;0;1;0;0;1;1
slr2051;1;0;10;1;3;1;0;0;2;2;1;4;3
slr2052;1;0;7;0;0;0;0;0;1;1;1;0;0
slr2053;1;0;7;0;0;0;0;0;0;0;0;0;2
slr2058;1;0;28;2;1;2;1;1;1;2;2;2;2
slr2060;1;0;6;0;0;0;0;0;0;0;0;0;1
slr2062;1;0;8;0;1;0;1;0;0;0;0;0;0
slr2067;1;0;4;0;0;0;1;0;0;0;0;0;0
slr2070;1;0;6;1;0;0;0;0;0;0;0;0;0
slr2072;1;0;10;1;0;1;1;0;2;2;2;1;2
slr2073;1;0;5;0;0;0;0;0;2;0;4;0;5
slr2076;1;0;20;2;1;3;3;0;3;3;3;4;4
slr2077;1;0;21;1;1;1;1;0;2;2;1;1;2
slr2079;1;0;6;1;0;0;0;0;0;1;0;0;0
slr2080;1;0;7;1;0;0;0;0;0;1;0;0;0
slr2087;1;0;6;0;0;0;0;0;1;0;0;1;0
slr2088;1;0;11;0;2;0;0;0;1;1;0;0;0
slr2089;1;0;15;0;1;1;1;0;3;2;3;2;2
slr2094;1;0;10;1;0;1;1;0;2;1;0;1;0
slr2097;1;0;5;0;0;0;0;0;0;1;0;1;0
slr2098;1;0;24;1;2;2;1;2;3;2;4;3;3
slr2100;1;0;12;0;1;0;1;0;0;1;1;0;0
slr2102;1;0;11;1;0;1;2;0;1;2;3;2;2
slr2103;1;0;7;1;0;0;1;0;0;0;0;0;0
slr2104;1;0;25;2;1;1;1;0;1;2;0;1;1
slr2105;1;0;12;1;0;0;0;0;2;1;2;1;1
slr2108;1;0;14;1;0;1;0;0;1;0;1;1;0
slr2111;1;0;7;0;0;0;0;0;1;1;1;0;0
slr2114;1;0;9;0;0;0;0;0;1;0;1;0;1
slr2115;1;0;12;1;0;1;0;0;1;1;1;0;0
slr2117;1;0;4;0;0;0;0;0;0;1;0;0;0
slr2118;1;0;11;0;0;0;0;0;2;1;3;2;0
slr2119;1;0;8;0;0;1;0;0;1;0;1;1;0
slr2123;1;0;5;0;0;0;0;0;1;1;1;1;0
slr2125;1;0;12;0;1;2;3;0;1;1;0;1;2
slr2126;1;0;9;0;0;0;0;0;0;0;1;1;0
slr2127;1;0;3;0;0;0;0;0;0;0;1;0;0
slr2130;1;0;10;0;0;1;0;0;1;1;1;1;1
slr2131;1;0;19;1;0;0;1;0;2;1;1;2;2
slr2132;1;0;16;1;1;0;1;1;1;2;1;2;2
slr2135;1;0;4;0;0;0;0;0;0;0;0;0;1
slr2136;1;0;12;0;1;0;0;0;2;2;1;2;2
slr2141;1;0;12;1;1;1;2;2;2;1;2;2;1
slr2143;1;0;11;1;0;1;0;1;0;1;0;0;0
slr2144;1;0;4;0;0;0;0;0;0;0;2;2;0
slr5005;1;0;61;1;2;2;4;2;3;2;2;2;2
slr5012;1;0;7;0;0;0;0;0;0;0;0;1;1
slr5013;1;0;12;0;0;1;0;0;2;4;2;0;1
slr5016;1;0;11;4;0;1;0;0;1;1;0;0;1
slr5022;1;0;7;0;0;1;1;0;3;2;0;0;3
slr5023;1;0;7;0;0;2;0;0;0;0;0;0;0
slr5024;1;0;6;0;0;0;0;0;2;1;0;0;0
slr5051;1;0;6;0;0;0;1;0;0;0;0;1;0
slr5055;1;0;8;0;0;0;0;0;1;1;0;0;0
slr5056;1;0;9;0;0;0;0;0;1;0;2;0;1
slr5058;1;0;22;1;1;1;1;0;2;1;1;1;1
slr5078;1;0;7;0;2;0;0;0;1;0;0;1;1
slr5087;1;0;6;0;0;0;0;0;0;1;0;1;0
slr5088;1;0;5;0;0;0;0;0;0;1;0;0;0
slr5093;1;0;13;0;1;0;0;0;0;1;1;1;1
slr5112;1;0;13;0;0;2;1;0;1;2;2;1;1
slr5115;1;0;4;0;0;0;0;0;0;1;0;0;0
slr5126;1;0;9;0;2;1;1;0;0;0;2;1;0
slr5127;1;0;7;1;1;0;0;0;0;0;0;2;0
slr6001;1;0;24;2;2;2;3;1;2;2;3;2;2
slr6031;1;0;16;0;0;0;0;1;1;1;1;1;1
slr6033;1;0;5;0;0;0;0;0;0;1;0;0;1
slr6042;1;0;9;1;0;1;0;0;2;3;2;0;2
slr6043;1;0;21;2;1;1;1;1;3;1;4;2;2
slr6045;1;0;4;0;0;0;0;0;0;1;0;0;1
slr6047;1;0;29;1;2;2;1;1;1;1;1;1;1
slr6050;1;0;37;2;1;2;1;3;2;2;2;2;2
slr6051;1;0;4;0;0;0;0;0;0;0;0;0;1
slr6090;1;0;20;2;1;1;1;1;1;1;1;1;0
slr6091;1;0;4;0;0;0;0;0;0;1;0;0;0
slr6095;1;0;16;2;2;1;2;0;1;2;2;2;2
slr6096;1;0;14;0;0;1;1;1;1;0;2;1;1
slr6097;1;0;16;2;0;1;1;1;1;2;1;1;2
slr6100;1;0;6;1;0;0;1;0;0;0;0;0;0
slr6101;1;0;5;0;0;0;0;0;0;1;1;0;0
slr6102;1;0;28;2;2;2;2;2;1;1;1;1;1
slr6103;1;0;8;1;0;0;0;0;2;1;0;0;0
slr6106;1;0;9;0;0;0;0;0;1;1;0;1;0
slr6108;1;0;6;1;0;1;0;0;0;0;0;0;0
slr6110;1;0;10;0;0;0;0;0;1;0;0;0;0
slr7010;1;0;26;1;3;1;1;1;1;1;1;1;2
slr7011;1;0;23;1;1;1;1;0;1;1;1;1;0
slr7012;1;0;12;3;0;1;1;0;1;0;1;0;0
slr7013;1;0;9;1;0;0;1;0;0;0;0;0;1
slr7014;1;0;10;0;0;1;1;0;0;1;2;2;2
slr7015;1;0;6;0;0;0;0;0;1;1;0;1;0
slr7016;1;0;12;0;1;1;1;1;1;0;0;1;0
slr7023;1;0;14;1;0;0;2;2;1;0;1;1;0
slr7024;1;0;20;1;1;0;1;2;2;2;2;2;3
slr7026;1;0;5;0;0;0;0;0;0;1;1;0;2
slr7037;1;0;26;1;1;1;0;2;2;2;2;1;2
slr7049;1;0;8;0;1;1;2;0;0;0;0;0;1
slr7052;1;0;5;0;2;0;0;0;0;0;0;0;0
slr7054;1;0;10;0;1;1;0;0;1;2;3;2;2
slr7057;1;0;8;1;0;1;1;0;1;0;0;1;0
slr7058;1;0;3;0;0;0;0;0;1;0;0;0;0
slr7059;1;0;5;0;1;0;0;0;0;0;0;0;0
slr7060;1;0;16;0;0;2;1;1;2;2;1;1;2
slr7061;1;0;9;1;0;0;0;0;1;0;1;0;0
slr7068;1;0;9;0;1;0;0;0;0;0;1;0;0
slr7071;1;0;6;0;0;0;0;0;0;0;0;0;1
slr7080;1;0;9;1;0;0;0;0;0;1;1;0;0
slr7081;1;0;13;1;1;1;0;2;0;0;0;0;0
slr7082;1;0;9;0;0;0;0;0;0;0;0;1;1
slr7083;1;0;11;0;0;0;1;0;4;2;5;4;1
slr7092;1;0;9;0;0;0;0;0;0;0;1;1;0
slr7094;1;0;3;0;0;0;0;0;2;0;0;0;0
slr7095;1;0;5;0;0;0;0;0;0;0;0;0;1
slr7098;1;0;6;0;0;0;0;0;0;1;0;0;0
slr7100;1;0;8;0;1;0;1;0;2;0;3;2;0
slr7101;1;0;6;0;0;0;0;0;0;0;1;0;0
slr7102;1;0;11;0;0;1;1;1;0;0;0;1;0
slr8015;1;0;6;0;0;0;0;0;1;0;2;0;0
slr8016;1;0;10;1;0;1;1;0;0;1;1;1;0
slr8022;1;0;6;0;0;0;0;0;2;1;1;1;2
slr8023;1;0;11;3;1;1;0;0;2;1;2;1;3
slr8026;1;0;5;0;1;0;0;0;0;0;0;0;0
slr8030;1;0;17;1;1;1;0;1;1;1;1;1;1
slr8036;1;0;7;1;0;0;0;0;1;0;2;0;0
slr8037;1;0;10;0;0;1;0;0;1;0;1;1;0
slr8038;1;0;27;1;1;1;0;1;1;2;2;1;1
slr8044;1;0;10;0;0;0;0;0;2;1;3;4;2
slr9003;1;0;26;2;3;2;1;1;2;2;2;1;2
slr9101;1;0;13;2;1;3;0;0;1;1;1;2;3
slr9201;1;0;4;0;0;0;0;0;0;1;0;0;0
slr9203;1;0;12;0;0;0;1;0;0;2;1;2;0
ssl0258;1;0;4;0;0;0;1;0;0;0;0;0;0
ssl0312;1;0;3;0;0;0;1;0;0;0;0;0;0
ssl0410;1;0;5;1;0;0;0;0;0;0;0;0;0
ssl0461;1;0;3;0;0;0;0;0;0;0;1;0;0
ssl0563;1;0;6;0;0;0;0;0;0;1;1;0;0
ssl0707;1;0;4;0;2;0;0;0;0;0;9;0;0
ssl0787;1;0;4;0;0;0;0;0;0;0;1;0;0
ssl0788;1;0;3;0;0;0;0;0;1;0;0;0;0
ssl1690;1;0;5;0;0;0;0;0;5;3;2;1;1
ssl1792;1;0;5;0;1;1;0;0;0;0;0;0;0
ssl1911;1;0;4;0;0;1;2;0;0;0;0;0;0
ssl1972;1;0;5;0;0;0;1;0;0;0;0;0;0
ssl2009;1;0;4;0;2;0;0;0;0;0;0;0;0
ssl2296;1;0;5;0;0;0;0;0;0;2;0;1;2
ssl2420;1;0;4;0;0;1;0;0;0;0;0;0;0
ssl2501;1;0;7;1;2;0;0;1;1;0;0;1;0
ssl2595;1;0;4;0;0;0;0;0;1;0;0;1;0
ssl2922;1;0;3;0;0;0;0;0;0;0;0;0;1
ssl3364;1;0;3;0;0;0;0;2;0;0;0;0;0
ssl3379;1;0;5;2;0;0;1;0;0;1;0;1;1
ssl3432;1;0;4;0;0;0;0;0;0;0;0;1;0
ssl3436;1;0;5;1;0;0;0;0;0;0;0;0;0
ssl3712;1;0;5;0;0;0;0;0;0;0;0;0;1
ssl3719;1;0;3;0;0;0;0;0;0;1;0;0;0
ssl5113;1;0;5;0;0;0;0;0;0;0;0;1;0
ssl5114;1;0;4;0;1;0;0;1;1;0;0;0;0
ssl7004;1;0;3;1;0;0;0;0;0;0;0;0;0
ssl7022;1;0;3;0;1;0;0;0;0;0;0;0;0
ssl7039;1;0;6;0;0;0;0;0;0;0;1;0;0
ssl7074;1;0;3;1;0;0;0;0;0;0;0;0;0
ssr0332;1;0;4;0;1;0;0;0;0;0;0;0;0
ssr1049;1;0;4;1;0;0;0;0;0;0;0;0;0
ssr1260;1;0;3;0;0;0;1;0;0;0;0;0;0
ssr1528;1;0;7;0;0;0;0;0;4;2;4;2;0
ssr2009;1;0;4;1;0;0;0;0;0;0;0;0;0
ssr2047;1;0;5;0;0;1;0;0;0;0;0;0;1
ssr2061;1;0;5;0;0;0;0;1;0;0;0;0;0
ssr2254;1;0;5;0;0;0;1;0;0;0;0;0;0
ssr2551;1;0;5;0;0;0;0;0;0;0;0;1;0
ssr2755;1;0;6;0;0;0;0;0;0;0;1;0;0
ssr3122;1;0;4;0;0;0;0;0;0;1;1;0;0
ssr3341;1;0;3;0;0;0;0;0;0;2;3;0;0
ssr3402;1;0;3;0;0;0;0;0;1;0;0;0;0
ssr5009;1;0;5;0;0;0;1;0;0;0;0;0;0
ssr5011;1;0;5;0;0;0;0;1;0;0;0;0;0
ssr5120;1;0;4;0;0;0;0;0;0;0;0;1;0
ssr7093;1;0;4;1;0;0;2;0;0;0;0;0;0
